reaction	lb	ub
R_12DGR120tipp	0	1000
R_12DGR140tipp	0	1000
R_12DGR141tipp	0	1000
R_12DGR160tipp	0	1000
R_12DGR161tipp	0	1000
R_12DGR180tipp	0	1000
R_12DGR181tipp	0	1000
R_12PPDRtex	-1000	1000
R_12PPDRtpp	-1000	1000
R_12PPDStex	-1000	1000
R_12PPDStpp	-1000	1000
R_13PPDH2	-1000	1000
R_14GLUCANabcpp	0	1000
R_14GLUCANtexi	0	1000
R_23CAMPtex	-1000	1000
R_23CCMPtex	-1000	1000
R_23CGMPtex	-1000	1000
R_23CUMPtex	-1000	1000
R_23DAPPAt2pp	0	1000
R_23DAPPAtex	-1000	1000
R_23DOGULNt4pp	0	1000
R_23PDE2pp	0	1000
R_23PDE4pp	0	1000
R_23PDE7pp	0	1000
R_23PDE9pp	0	1000
R_26DAHtex	-1000	1000
R_2AGPA120tipp	0	1000
R_2AGPA140tipp	0	1000
R_2AGPA141tipp	0	1000
R_2AGPA160tipp	0	1000
R_2AGPA161tipp	0	1000
R_2AGPA180tipp	0	1000
R_2AGPA181tipp	0	1000
R_2AGPE120tipp	0	1000
R_2AGPE140tipp	0	1000
R_2AGPE141tipp	0	1000
R_2AGPE160tipp	0	1000
R_2AGPE161tipp	0	1000
R_2AGPE180tipp	0	1000
R_2AGPE181tipp	0	1000
R_2AGPEAT120	0	1000
R_2AGPEAT140	0	1000
R_2AGPEAT141	0	1000
R_2AGPEAT160	0	1000
R_2AGPEAT161	0	1000
R_2AGPEAT180	0	1000
R_2AGPEAT181	0	1000
R_2AGPG120tipp	0	1000
R_2AGPG140tipp	0	1000
R_2AGPG141tipp	0	1000
R_2AGPG160tipp	0	1000
R_2AGPG161tipp	0	1000
R_2AGPG180tipp	0	1000
R_2AGPG181tipp	0	1000
R_2AGPGAT120	0	1000
R_2AGPGAT140	0	1000
R_2AGPGAT141	0	1000
R_2AGPGAT160	0	1000
R_2AGPGAT161	0	1000
R_2AGPGAT180	0	1000
R_2AGPGAT181	0	1000
R_2DDARAA	-1000	1000
R_2DGLCptspp	0	1000
R_2DGLCtex	-1000	1000
R_2DGULRGx	0	1000
R_2DGULRGy	0	1000
R_2DGULRx	0	1000
R_2DGULRy	0	1000
R_2DOXG6PP	0	1000
R_2HESR	0	1000
R_2HPTCOAT	0	1000
R_2MAHMP	0	1000
R_34dhpactex	-1000	1000
R_3AMACHYD	0	1000
R_3AMPtex	-1000	1000
R_3CMPtex	-1000	1000
R_3GMPtex	-1000	1000
R_3HAD100	0	1000
R_3HAD120	0	1000
R_3HAD121	0	1000
R_3HAD140	0	1000
R_3HAD141	0	1000
R_3HAD160	0	1000
R_3HAD161	0	1000
R_3HAD180	0	1000
R_3HAD181	0	1000
R_3HAD40	0	1000
R_3HAD60	0	1000
R_3HAD80	0	1000
R_3HBZCT	0	1000
R_3HCINNMH	0	1000
R_3HPADHi	0	1000
R_3HPPPNH	0	1000
R_3HPPtex	-1000	1000
R_3HPPtpp	0	1000
R_3KGK	0	1000
R_3NTD2pp	0	1000
R_3NTD4pp	0	1000
R_3NTD7pp	0	1000
R_3NTD9pp	0	1000
R_3OAR100	-1000	1000
R_3OAR120	-1000	1000
R_3OAR121	0	1000
R_3OAR140	-1000	1000
R_3OAR141	0	1000
R_3OAR160	-1000	1000
R_3OAR161	0	1000
R_3OAR180	-1000	1000
R_3OAR181	0	1000
R_3OAR40	-1000	1000
R_3OAR60	-1000	1000
R_3OAR80	-1000	1000
R_3OAS100	0	1000
R_3OAS120	0	1000
R_3OAS121	0	1000
R_3OAS140	0	1000
R_3OAS141	0	1000
R_3OAS160	0	1000
R_3OAS161	0	1000
R_3OAS180	0	1000
R_3OAS181	0	1000
R_3OAS60	0	1000
R_3OAS80	0	1000
R_3OXCOAT	0	1000
R_3PEPTabcpp	0	1000
R_3PEPTtex	-1000	1000
R_3SLAR	0	1000
R_3UMPtex	-1000	1000
R_42A12BOOXpp	0	1000
R_4ABZGLUH	-1000	1000
R_4ABZGLUtex	-1000	1000
R_4ABZGLUtr	-1000	1000
R_4HBZt3pp	0	1000
R_4HOXPACDtex	-1000	1000
R_4HTHRA	-1000	1000
R_4HTHRK	0	1000
R_4PCP	0	1000
R_4PCPpp	0	1000
R_4PEPTabcpp	0	1000
R_4PEPTtex	-1000	1000
R_5DGLCNR	0	1000
R_5DGLCNt2rpp	-1000	1000
R_5DGLCNtex	-1000	1000
R_5DKGR	-1000	1000
R_5DOAN	0	1000
R_5MTRtex	-1000	1000
R_5MTRtpp	0	1000
R_6D6SFK	0	1000
R_6D6SPA	0	1000
R_A5PISO	-1000	1000
R_AACPS1	0	1000
R_AACPS2	0	1000
R_AACPS3	0	1000
R_AACPS4	0	1000
R_AACPS5	0	1000
R_AACPS6	0	1000
R_AACPS7	0	1000
R_AACPS8	0	1000
R_AACPS9	0	1000
R_AACTOOR	0	1000
R_AADDGT	0	1000
R_AAMYL	0	1000
R_AAMYLpp	0	1000
R_AB6PGH	0	1000
R_ABTA	0	1000
R_ABUTD	0	1000
R_ABUTt2pp	0	1000
R_ABUTtex	-1000	1000
R_ACACCT	0	1000
R_ACACT1r	-1000	1000
R_ACACT2r	-1000	1000
R_ACACT3r	-1000	1000
R_ACACT4r	-1000	1000
R_ACACT5r	-1000	1000
R_ACACT6r	-1000	1000
R_ACACT7r	-1000	1000
R_ACACT8r	-1000	1000
R_ACACt2pp	-1000	1000
R_ACACtex	-1000	1000
R_ACALD	-1000	1000
R_ACALDtex	-1000	1000
R_ACALDtpp	-1000	1000
R_ACANTHAT	0	1000
R_ACBIPGT	0	1000
R_ACCOAC	0	1000
R_ACCOAL	0	1000
R_ACGAL1PPpp	0	1000
R_ACGAL1Ptex	-1000	1000
R_ACGALtex	-1000	1000
R_ACGAM1PPpp	0	1000
R_ACGAM1Ptex	-1000	1000
R_ACGAMK	0	1000
R_ACGAMT	0	1000
R_ACGAptspp	0	1000
R_ACGAtex	-1000	1000
R_ACGK	0	1000
R_ACGS	0	1000
R_ACHBS	0	1000
R_ACKr	-1000	1000
R_ACLS	0	1000
R_ACM6PH	0	1000
R_ACMAMUT	0	1000
R_ACMANAptspp	0	1000
R_ACMANAtex	-1000	1000
R_ACMUMptspp	0	1000
R_ACMUMtex	0	1000
R_ACNAMt2pp	0	1000
R_ACNAMtex	-1000	1000
R_ACNML	0	1000
R_ACOAD1f	0	1000
R_ACOAD1fr	0	1000
R_ACOAD2f	-1000	1000
R_ACOAD3f	-1000	1000
R_ACOAD4f	-1000	1000
R_ACOAD5f	-1000	1000
R_ACOAD6f	-1000	1000
R_ACOAD7f	-1000	1000
R_ACOAD8f	-1000	1000
R_ACOATA	-1000	1000
R_ACODA	0	1000
R_ACOLIPAabctex	0	1000
R_ACONIs	-1000	1000
R_ACONMT	0	1000
R_ACONTa	-1000	1000
R_ACONTb	-1000	1000
R_ACOTA	-1000	1000
R_ACOXT	-1000	1000
R_ACP1_FMN	0	1000
R_ACP1p	0	1000
R_ACPPAT120	0	1000
R_ACPPAT140	0	1000
R_ACPPAT141	0	1000
R_ACPPAT160	0	1000
R_ACPPAT161	0	1000
R_ACPPAT180	0	1000
R_ACPPAT181	0	1000
R_ACPS1	0	1000
R_ACS	0	1000
R_ACSERtex	-1000	1000
R_ACSERtpp	0	1000
R_ACt2rpp	-1000	1000
R_ACt4pp	0	1000
R_ACtex	-1000	1000
R_ADA	0	1000
R_ADCL	0	1000
R_ADCS	0	1000
R_ADD	0	1000
R_ADEt2rpp	-1000	1000
R_ADEtex	-1000	1000
R_ADK1	-1000	1000
R_ADK3	-1000	1000
R_ADK4	-1000	1000
R_ADMDC	0	1000
R_ADNCYC	0	1000
R_ADNK1	0	1000
R_ADNUC	0	1000
R_ADNt2pp_copy1	0	1000
R_ADNt2pp_copy2	-1000	1000
R_ADNtex	-1000	1000
R_ADOCBIK	0	1000
R_ADOCBLS	0	1000
R_ADOCBLabcpp	0	1000
R_ADOCBLtonex	0	1000
R_ADPRDP	0	1000
R_ADPT	0	1000
R_ADSK	0	1000
R_ADSL1r	-1000	1000
R_ADSL2r	-1000	1000
R_ADSS	0	1000
R_AGDC	0	1000
R_AGM3PA	0	1000
R_AGM3PApp	0	1000
R_AGM3PH	0	1000
R_AGM3Pt2pp	0	1000
R_AGM4PA	0	1000
R_AGM4PApp	0	1000
R_AGM4PCP	0	1000
R_AGM4PCPpp	0	1000
R_AGM4PH	0	1000
R_AGM4Pt2pp	0	1000
R_AGMH	0	1000
R_AGMHE	0	1000
R_AGMT	0	1000
R_AGMt2pp	0	1000
R_AGMtex	-1000	1000
R_AGPAT120	0	1000
R_AGPAT140	0	1000
R_AGPAT141	0	1000
R_AGPAT160	0	1000
R_AGPAT161	0	1000
R_AGPAT180	0	1000
R_AGPAT181	0	1000
R_AGPR	-1000	1000
R_AGt3	0	1000
R_AHCYSNS	0	1000
R_AHGDx	-1000	1000
R_AI2K	0	1000
R_AI2abcpp	0	1000
R_AI2tex	-1000	1000
R_AI2tpp	0	1000
R_AICART	-1000	1000
R_AIRC2	0	1000
R_AIRC3	-1000	1000
R_AKGDH	0	1000
R_AKGt2rpp	-1000	1000
R_AKGtex	-1000	1000
R_ALAALAD	0	1000
R_ALAALAabcpp	0	1000
R_ALAALAr	-1000	1000
R_ALAALAtex	-1000	1000
R_ALAGLUE	-1000	1000
R_ALAR	-1000	1000
R_ALATA_D2	0	1000
R_ALATA_L	-1000	1000
R_ALATA_L2	0	1000
R_ALAabcpp	0	1000
R_ALAt2pp	0	1000
R_ALAt4pp	0	1000
R_ALAtex	-1000	1000
R_ALAtpp	0	1000
R_ALCD19	-1000	1000
R_ALCD2x	-1000	1000
R_ALDD19xr	-1000	1000
R_ALDD2y	0	1000
R_ALDD3y	0	1000
R_ALDD4	0	1000
R_ALKP	0	1000
R_ALLK	0	1000
R_ALLPI	-1000	1000
R_ALLTAMH2	0	1000
R_ALLTN	0	1000
R_ALLTNt2rpp	-1000	1000
R_ALLTNtex	-1000	1000
R_ALLULPE	-1000	1000
R_ALLabcpp	0	1000
R_ALLtex	-1000	1000
R_ALPATE160pp	0	1000
R_ALPATG160pp	0	1000
R_ALR2	0	1000
R_ALR2x	0	1000
R_ALR4x	0	1000
R_ALTRH	0	1000
R_AM3PA	0	1000
R_AM4PA	0	1000
R_AM4PCP	0	1000
R_AMALT1	0	1000
R_AMALT2	0	1000
R_AMALT3	0	1000
R_AMALT4	0	1000
R_AMANAPEr	-1000	1000
R_AMANK	0	1000
R_AMAOTr	-1000	1000
R_AMMQLT8	0	1000
R_AMPMS2	0	1000
R_AMPN	0	1000
R_AMPNTAT	0	1000
R_AMPTASECG	0	1000
R_AMPTASEPG	0	1000
R_AMPtex	-1000	1000
R_ANHGMtex	-1000	1000
R_ANHMK	0	1000
R_ANPRT	0	1000
R_ANS	0	1000
R_AOBUTDs	0	1000
R_AOXSr2	0	1000
R_AP4AH	0	1000
R_AP4AS	0	1000
R_AP5AH	0	1000
R_APCS	0	1000
R_APG3PAT120	0	1000
R_APG3PAT140	0	1000
R_APG3PAT141	0	1000
R_APG3PAT160	0	1000
R_APG3PAT161	0	1000
R_APG3PAT180	0	1000
R_APG3PAT181	0	1000
R_APH120	0	1000
R_APH140	0	1000
R_APH141	0	1000
R_APH160	0	1000
R_APH161	0	1000
R_APH180	0	1000
R_APH181	0	1000
R_APPLDHr	-1000	1000
R_APRAUR	0	1000
R_ARABDI	-1000	1000
R_ARAI	-1000	1000
R_ARBTNR1	0	1000
R_ARBTNR2	0	1000
R_ARBTNR3	0	1000
R_ARBTNabcpp	0	1000
R_ARBTNexs	0	1000
R_ARBTNtex	0	1000
R_ARBTNtonex	0	1000
R_ARBTNtpp	0	1000
R_ARBTptspp	0	1000
R_ARBTtex	0	1000
R_ARBabcpp	0	1000
R_ARBt2rpp	-1000	1000
R_ARBt3ipp	0	1000
R_ARBtex	-1000	1000
R_ARGAGMt7pp	-1000	1000
R_ARGDC	0	1000
R_ARGDCpp	0	1000
R_ARGORNt7pp	-1000	1000
R_ARGSL	-1000	1000
R_ARGSS	0	1000
R_ARGabcpp	0	1000
R_ARGt3pp	0	1000
R_ARGtex	-1000	1000
R_ARHGDx	-1000	1000
R_ARMEPNS	0	1000
R_ASAD	-1000	1000
R_ASCBPL	0	1000
R_ASCBptspp	0	1000
R_ASCBtex	-1000	1000
R_ASNN	0	1000
R_ASNNpp	0	1000
R_ASNS1	0	1000
R_ASNS2	0	1000
R_ASNt2rpp	-1000	1000
R_ASNtex	-1000	1000
R_ASO3t8pp	0	1000
R_ASO3tex	-1000	1000
R_ASP1DC	0	1000
R_ASPCT	0	1000
R_ASPK	-1000	1000
R_ASPO3	0	1000
R_ASPO4	0	1000
R_ASPO5	0	1000
R_ASPO6	0	1000
R_ASPT	0	1000
R_ASPTA	-1000	1000
R_ASPabcpp	0	1000
R_ASPt2_2pp	0	1000
R_ASPt2_3pp	0	1000
R_ASPt2pp	0	1000
R_ASPtex	-1000	1000
R_ASPtpp	-1000	1000
R_ASR	0	1000
R_AST	0	1000
R_ATHRDHr	-1000	1000
R_ATPHs	0	1000
R_ATPM	0	1000
R_ATPPRT	0	1000
R_ATPS4rpp	-1000	1000
R_BALAt2pp	0	1000
R_BALAtex	-1000	1000
R_BETALDHx	0	1000
R_BETALDHy	0	1000
R_BGLA1	0	1000
R_BIOMASS_Ec_iML1515_WT_75p37M	0	1000
R_BIOMASS_Ec_iML1515_core_75p37M	0	1000
R_BMOCOS	0	1000
R_BMOGDS1	0	1000
R_BMOGDS2	0	1000
R_BPNT	0	1000
R_BSORx	0	1000
R_BSORy	0	1000
R_BTNt2ipp	0	1000
R_BTNtex	-1000	1000
R_BTS5	0	1000
R_BUTCT	0	1000
R_BUTSO3abcpp	0	1000
R_BUTSO3tex	-1000	1000
R_BUTt2rpp	-1000	1000
R_BUTtex	-1000	1000
R_BWCOGDS1	0	1000
R_BWCOGDS2	0	1000
R_BWCOS	0	1000
R_CA2t3pp	0	1000
R_CA2tex	-1000	1000
R_CADVtpp	0	1000
R_CAT	0	1000
R_CAt6pp	-1000	1000
R_CBIAT	-1000	1000
R_CBItonex	0	1000
R_CBIuabcpp	0	1000
R_CBL1abcpp	0	1000
R_CBL1tonex	0	1000
R_CBLAT	-1000	1000
R_CBMD	0	1000
R_CBMKr	-1000	1000
R_CBPS	0	1000
R_CCGS	0	1000
R_CD2abcpp	0	1000
R_CD2t3pp	0	1000
R_CD2tex	-1000	1000
R_CD2tpp	0	1000
R_CDAPPA120	0	1000
R_CDAPPA140	0	1000
R_CDAPPA141	0	1000
R_CDAPPA160	0	1000
R_CDAPPA161	0	1000
R_CDAPPA180	0	1000
R_CDAPPA181	0	1000
R_CDGR	0	1000
R_CDGS	0	1000
R_CDGUNPD	0	1000
R_CDPMEK	0	1000
R_CDPPH	0	1000
R_CELBpts	0	1000
R_CFAS160E	0	1000
R_CFAS160G	0	1000
R_CFAS180E	0	1000
R_CFAS180G	0	1000
R_CGLYabcpp	0	1000
R_CGLYtex	-1000	1000
R_CH4t2pp	0	1000
R_CH4tex	-1000	1000
R_CHLabcpp	0	1000
R_CHLt2pp	0	1000
R_CHLt3pp	0	1000
R_CHLtex	-1000	1000
R_CHOLATEtpp	0	1000
R_CHOLD	0	1000
R_CHOLID	0	1000
R_CHORM	0	1000
R_CHORS	0	1000
R_CHRPL	0	1000
R_CHTBSptspp	0	1000
R_CHTBStex	-1000	1000
R_CINNDO	0	1000
R_CITL	0	1000
R_CITt3pp	0	1000
R_CITt7pp	0	1000
R_CITtex	-1000	1000
R_CLBtex	-1000	1000
R_CLIPAabctex	0	1000
R_CLPNH120pp	0	1000
R_CLPNH140pp	0	1000
R_CLPNH141pp	0	1000
R_CLPNH160pp	0	1000
R_CLPNH161pp	0	1000
R_CLPNH180pp	0	1000
R_CLPNH181pp	0	1000
R_CLPNS120pp	-1000	1000
R_CLPNS140pp	-1000	1000
R_CLPNS141pp	-1000	1000
R_CLPNS160pp	-1000	1000
R_CLPNS161pp	-1000	1000
R_CLPNS180pp	-1000	1000
R_CLPNS181pp	-1000	1000
R_CLt3_2pp	0	1000
R_CLtex	-1000	1000
R_CLtipp	0	1000
R_CMPN	0	1000
R_CMPtex	-1000	1000
R_CMtex	-1000	1000
R_CMtpp	0	1000
R_CO2tex	-1000	1000
R_CO2tpp	-1000	1000
R_COBALT2abcpp	0	1000
R_COBALT2t3pp	0	1000
R_COBALT2tex	-1000	1000
R_COBALT2tpp	0	1000
R_COLIPAKpp	0	1000
R_COLIPAPabctex	0	1000
R_COLIPAabcpp	0	1000
R_COLIPAabctex	0	1000
R_CPGNR1	0	1000
R_CPGNR2	0	1000
R_CPGNR3	0	1000
R_CPGNUtex	0	1000
R_CPGNUtpp	0	1000
R_CPGNabcpp	0	1000
R_CPGNexs	0	1000
R_CPGNtonex	0	1000
R_CPH4S	0	1000
R_CPL	0	1000
R_CPMPS	0	1000
R_CPPPGO	0	1000
R_CPPPGO2	0	1000
R_CRNBTCT	-1000	1000
R_CRNCAL2	0	1000
R_CRNCAR	-1000	1000
R_CRNCBCT	-1000	1000
R_CRNCDH	-1000	1000
R_CRNDCAL2	0	1000
R_CRNDabcpp	0	1000
R_CRNDt2rpp	-1000	1000
R_CRNDtex	-1000	1000
R_CRNabcpp	0	1000
R_CRNt2rpp	-1000	1000
R_CRNt7pp	0	1000
R_CRNt8pp	0	1000
R_CRNtex	-1000	1000
R_CS	0	1000
R_CS1tex	-1000	1000
R_CSND	0	1000
R_CSNt2pp	0	1000
R_CSNtex	-1000	1000
R_CTBTCAL2	0	1000
R_CTBTabcpp	0	1000
R_CTBTt2rpp	-1000	1000
R_CTECOAI6	-1000	1000
R_CTECOAI7	-1000	1000
R_CTECOAI8	-1000	1000
R_CTPS2	0	1000
R_CU1Opp	0	1000
R_CU1abcpp	0	1000
R_CU2abcpp	0	1000
R_CU2tex	-1000	1000
R_CU2tpp	0	1000
R_CURR	0	1000
R_CUt2pp	0	1000
R_CUt3	0	1000
R_CUtex	-1000	1000
R_CXSAMS	0	1000
R_CYANST	0	1000
R_CYANSTpp	0	1000
R_CYANtex	-1000	1000
R_CYNTAH	0	1000
R_CYNTt2pp	0	1000
R_CYNTtex	-1000	1000
R_CYSDDS	0	1000
R_CYSDS	0	1000
R_CYSDabcpp	0	1000
R_CYSDtex	-1000	1000
R_CYSItex	-1000	1000
R_CYSItpp	0	1000
R_CYSS	0	1000
R_CYSSADS	0	1000
R_CYSTA	0	1000
R_CYSTL	0	1000
R_CYSabc2pp	0	1000
R_CYSabcpp	0	1000
R_CYStex	-1000	1000
R_CYStpp	0	1000
R_CYTBD2pp	0	1000
R_CYTBDpp	0	1000
R_CYTBO3_4pp	0	1000
R_CYTD	0	1000
R_CYTDH	0	1000
R_CYTDK1	0	1000
R_CYTDK2	0	1000
R_CYTDt2pp_copy1	0	1000
R_CYTDt2pp_copy2	-1000	1000
R_CYTDtex	-1000	1000
R_CYTK1	-1000	1000
R_CYTK2	-1000	1000
R_DAAD	0	1000
R_DADA	0	1000
R_DADK	-1000	1000
R_DADNt2pp	0	1000
R_DADNtex	-1000	1000
R_DAGK120	0	1000
R_DAGK140	0	1000
R_DAGK141	0	1000
R_DAGK160	0	1000
R_DAGK161	0	1000
R_DAGK180	0	1000
R_DAGK181	0	1000
R_DALAt2pp	0	1000
R_DALAtex	-1000	1000
R_DAMPtex	-1000	1000
R_DAPAL	0	1000
R_DAPDC	0	1000
R_DAPE	-1000	1000
R_DAPabcpp	0	1000
R_DAPtex	-1000	1000
R_DASYN120	0	1000
R_DASYN140	0	1000
R_DASYN141	0	1000
R_DASYN160	0	1000
R_DASYN161	0	1000
R_DASYN180	0	1000
R_DASYN181	0	1000
R_DATPHs	0	1000
R_DB4PS	0	1000
R_DBTS	0	1000
R_DC6PDA	0	1000
R_DCAtex	-1000	1000
R_DCMPtex	-1000	1000
R_DCTPD	0	1000
R_DCYTD	0	1000
R_DCYTt2pp	0	1000
R_DCYTtex	-1000	1000
R_DDCAtexi	0	1000
R_DDGALK	0	1000
R_DDGLCNt2rpp	-1000	1000
R_DDGLCNtex	-1000	1000
R_DDGLK	0	1000
R_DDPA	0	1000
R_DDPGALA	-1000	1000
R_DGK1	-1000	1000
R_DGMPtex	-1000	1000
R_DGSNt2pp	0	1000
R_DGSNtex	-1000	1000
R_DGUNC	0	1000
R_DHACOAH	-1000	1000
R_DHAD1	0	1000
R_DHAD2	0	1000
R_DHAPT	0	1000
R_DHAtex	-1000	1000
R_DHAtpp	-1000	1000
R_DHBD	-1000	1000
R_DHBS	0	1000
R_DHBSH	0	1000
R_DHBSZ3FEabcpp	0	1000
R_DHCIND	0	1000
R_DHCINDO	0	1000
R_DHCURR	0	1000
R_DHDPRy	0	1000
R_DHDPS	0	1000
R_DHFR	-1000	1000
R_DHFS	0	1000
R_DHGLYH	0	1000
R_DHMPTR	0	1000
R_DHNAOT4	0	1000
R_DHNCOAS	0	1000
R_DHNCOAT	0	1000
R_DHNPA2r	-1000	1000
R_DHNPTE	-1000	1000
R_DHORD2	0	1000
R_DHORD5	0	1000
R_DHORDfum	0	1000
R_DHORTS	-1000	1000
R_DHPPD	0	1000
R_DHPPDA2	0	1000
R_DHPS2	0	1000
R_DHPStex	-1000	1000
R_DHPStr	0	1000
R_DHPTDCs2	0	1000
R_DHPTDNR	0	1000
R_DHPTDNRN	0	1000
R_DHPTPE	-1000	1000
R_DHQS	0	1000
R_DHQTi	0	1000
R_DIMPtex	-1000	1000
R_DINSt2pp	0	1000
R_DINStex	-1000	1000
R_DKGLCNR1	0	1000
R_DKGLCNR2x	0	1000
R_DKGLCNR2y	0	1000
R_DMATT	0	1000
R_DMPPS	0	1000
R_DMQMT	0	1000
R_DMSOR1	0	1000
R_DMSOR1pp	0	1000
R_DMSOR2	0	1000
R_DMSOR2pp	0	1000
R_DMSOtex	-1000	1000
R_DMSOtpp	-1000	1000
R_DMStex	-1000	1000
R_DM_4crsol_c	0	1000
R_DM_5drib_c	0	1000
R_DM_aacald_c	0	1000
R_DM_amob_c	0	1000
R_DM_mththf_c	0	1000
R_DM_oxam_c	0	1000
R_DNMPPA	0	1000
R_DNTPPA	0	1000
R_DOGULNR	0	1000
R_DOPAtex	-1000	1000
R_DOXRBCNtex	-1000	1000
R_DOXRBCNtpp	0	1000
R_DPCOAK	0	1000
R_DPR	0	1000
R_DRPA	0	1000
R_DSBAO1	0	1000
R_DSBAO2	0	1000
R_DSBCGT	0	1000
R_DSBDR	0	1000
R_DSBGGT	0	1000
R_DSERDHr	-1000	1000
R_DSERt2pp	0	1000
R_DSERtex	-1000	1000
R_DTARTD	0	1000
R_DTMPK	-1000	1000
R_DTMPtex	-1000	1000
R_DUMPtex	-1000	1000
R_DURADx	-1000	1000
R_DURIK1	0	1000
R_DURIPP	-1000	1000
R_DURIt2pp	0	1000
R_DURItex	-1000	1000
R_DUTPDP	0	1000
R_DXPRIi	0	1000
R_DXPS	0	1000
R_DXYLK	0	1000
R_DXYLONtex	-1000	1000
R_DXYLONtpp	-1000	1000
R_DXYLTD	-1000	1000
R_D_LACt2pp	-1000	1000
R_D_LACtex	-1000	1000
R_E4PD	-1000	1000
R_E4PP	0	1000
R_EAR100x	0	1000
R_EAR100y	0	1000
R_EAR120x	0	1000
R_EAR120y	0	1000
R_EAR121x	0	1000
R_EAR121y	0	1000
R_EAR140x	0	1000
R_EAR140y	0	1000
R_EAR141x	0	1000
R_EAR141y	0	1000
R_EAR160x	0	1000
R_EAR160y	0	1000
R_EAR161x	0	1000
R_EAR161y	0	1000
R_EAR180x	0	1000
R_EAR180y	0	1000
R_EAR181x	0	1000
R_EAR181y	0	1000
R_EAR40x	0	1000
R_EAR40y	0	1000
R_EAR60x	0	1000
R_EAR60y	0	1000
R_EAR80x	0	1000
R_EAR80y	0	1000
R_ECA4COLIPAabctex	0	1000
R_ECA4OALpp	0	1000
R_ECAP1pp	0	1000
R_ECAP2pp	0	1000
R_ECAP3pp	0	1000
R_ECAtpp	0	1000
R_ECOAH1	-1000	1000
R_ECOAH2	-1000	1000
R_ECOAH3	-1000	1000
R_ECOAH4	-1000	1000
R_ECOAH5	-1000	1000
R_ECOAH6	-1000	1000
R_ECOAH7	-1000	1000
R_ECOAH8	-1000	1000
R_EDA	0	1000
R_EDD	0	1000
R_EDTXS1	0	1000
R_EDTXS2	0	1000
R_EDTXS3	0	1000
R_EDTXS4	0	1000
R_EGMEACPR	0	1000
R_ENLIPAabctex	0	1000
R_ENO	-1000	1000
R_ENTCS	0	1000
R_ENTERES	0	1000
R_EPMEACPR	0	1000
R_ETHAAL	0	1000
R_ETHAt2pp	0	1000
R_ETHAtex	-1000	1000
R_ETHSO3abcpp	0	1000
R_ETHSO3tex	-1000	1000
R_ETOHtex	-1000	1000
R_ETOHtrpp	-1000	1000
R_F1PP	0	1000
R_F6PA	-1000	1000
R_F6PP	0	1000
R_F6Pt6_2pp	0	1000
R_F6Ptex	-1000	1000
R_FA100ACPHi	0	1000
R_FA120ACPHi	0	1000
R_FA140ACPHi	0	1000
R_FA141ACPHi	0	1000
R_FA160ACPHi	0	1000
R_FA161ACPHi	0	1000
R_FA80ACPHi	0	1000
R_FACOAE100	0	1000
R_FACOAE120	0	1000
R_FACOAE140	0	1000
R_FACOAE141	0	1000
R_FACOAE160	0	1000
R_FACOAE161	0	1000
R_FACOAE180	0	1000
R_FACOAE181	0	1000
R_FACOAE60	0	1000
R_FACOAE80	0	1000
R_FACOAL100t2pp	0	1000
R_FACOAL120t2pp	0	1000
R_FACOAL140t2pp	0	1000
R_FACOAL141t2pp	0	1000
R_FACOAL160t2pp	0	1000
R_FACOAL161t2pp	0	1000
R_FACOAL180t2pp	0	1000
R_FACOAL181t2pp	0	1000
R_FACOAL60t2pp	0	1000
R_FACOAL80t2pp	0	1000
R_FADRx	0	1000
R_FADRx2	0	1000
R_FADt	0	1000
R_FADtex	-1000	1000
R_FALDH2	-1000	1000
R_FALDtex	-1000	1000
R_FALDtpp	-1000	1000
R_FALGTHLs	-1000	1000
R_FBA	-1000	1000
R_FBA3	-1000	1000
R_FBP	0	1000
R_FCI	-1000	1000
R_FCLK	0	1000
R_FCLPA	-1000	1000
R_FCLT	0	1000
R_FDH4pp	0	1000
R_FDH5pp	0	1000
R_FDMO	0	1000
R_FDMO2	0	1000
R_FDMO3	0	1000
R_FDMO4	0	1000
R_FDMO6	0	1000
R_FE2abcpp	0	1000
R_FE2t2pp	0	1000
R_FE2t3pp	0	1000
R_FE2tex	-1000	1000
R_FE2tpp	0	1000
R_FE3DCITR5	0	1000
R_FE3DCITabcpp	0	1000
R_FE3DCITexs	0	1000
R_FE3DCITtonex	0	1000
R_FE3DHBZS3R	0	1000
R_FE3DHBZStonex	0	1000
R_FE3HOXR1	0	1000
R_FE3HOXR2	0	1000
R_FE3HOXR3	0	1000
R_FE3HOXUtex	0	1000
R_FE3HOXUtpp	0	1000
R_FE3HOXabcpp	0	1000
R_FE3HOXexs	0	1000
R_FE3HOXtonex	0	1000
R_FE3Ri	0	1000
R_FE3abcpp	0	1000
R_FE3tex	-1000	1000
R_FECRMR1	0	1000
R_FECRMR2	0	1000
R_FECRMR3	0	1000
R_FECRMUtex	0	1000
R_FECRMUtpp	0	1000
R_FECRMabcpp	0	1000
R_FECRMexs	0	1000
R_FECRMtonex	0	1000
R_FEENTERES	0	1000
R_FEENTERR1	0	1000
R_FEENTERR2	0	1000
R_FEENTERR3	0	1000
R_FEENTERR4	0	1000
R_FEENTERabcpp	0	1000
R_FEENTERexs	0	1000
R_FEENTERtex	0	1000
R_FEENTERtonex	0	1000
R_FEENTERtpp	0	1000
R_FEOXAMR1	0	1000
R_FEOXAMR2	0	1000
R_FEOXAMR3	0	1000
R_FEOXAMUtex	0	1000
R_FEOXAMUtpp	0	1000
R_FEOXAMabcpp	0	1000
R_FEOXAMexs	0	1000
R_FEOXAMtonex	0	1000
R_FEROpp	0	1000
R_FESD1s	0	1000
R_FESD2s	0	1000
R_FESR	0	1000
R_FHL	0	0
R_FLDR2	0	1000
R_FLVR	0	1000
R_FLVRx	0	1000
R_FMNAT	0	1000
R_FMNRx	0	1000
R_FMNRx2	0	1000
R_FMNt	0	1000
R_FMNtex	-1000	1000
R_FOMETRi	0	1000
R_FORCT	-1000	1000
R_FORt2pp	0	1000
R_FORtex	-1000	1000
R_FORtppi	0	1000
R_FRD2	0	1000
R_FRD3	0	1000
R_FRUK	0	1000
R_FRULYSDG	-1000	1000
R_FRULYSE	-1000	1000
R_FRULYSK	0	1000
R_FRULYSt2pp	0	1000
R_FRULYStex	-1000	1000
R_FRUURt2rpp	-1000	1000
R_FRUURtex	-1000	1000
R_FRUpts2pp	0	1000
R_FRUptspp	0	1000
R_FRUtex	-1000	1000
R_FTHFD	0	1000
R_FTHFLi	0	1000
R_FUCtex	-1000	1000
R_FUCtpp	-1000	1000
R_FUM	-1000	1000
R_FUMt1pp	-1000	1000
R_FUMt2_2pp	0	1000
R_FUMt2_3pp	0	1000
R_FUMtex	-1000	1000
R_FUSAtex	-1000	1000
R_FUSAtpp	0	1000
R_Ftex	-1000	1000
R_Ftpp	0	1000
R_G1PACT	0	1000
R_G1PP	0	1000
R_G1PPpp	0	1000
R_G1PTT	0	1000
R_G1Ptex	-1000	1000
R_G1SAT	-1000	1000
R_G2PP	0	1000
R_G2PPpp	0	1000
R_G3PAT120	0	1000
R_G3PAT140	0	1000
R_G3PAT141	0	1000
R_G3PAT160	0	1000
R_G3PAT161	0	1000
R_G3PAT180	0	1000
R_G3PAT181	0	1000
R_G3PCabcpp	0	1000
R_G3PCtex	-1000	1000
R_G3PD2	-1000	1000
R_G3PD5	0	1000
R_G3PD6	0	1000
R_G3PD7	0	1000
R_G3PEabcpp	0	1000
R_G3PEtex	-1000	1000
R_G3PGabcpp	0	1000
R_G3PGtex	-1000	1000
R_G3PIabcpp	0	1000
R_G3PItex	-1000	1000
R_G3PSabcpp	0	1000
R_G3PStex	-1000	1000
R_G3PT	0	1000
R_G5SADs	0	1000
R_G5SD	0	1000
R_G6PDA	0	1000
R_G6PDH2r	-1000	1000
R_G6PP	0	1000
R_G6Pt6_2pp	0	1000
R_G6Ptex	-1000	1000
R_GAL1PPpp	0	1000
R_GAL1Ptex	-1000	1000
R_GALBDtex	-1000	1000
R_GALCTD	0	1000
R_GALCTLO	0	1000
R_GALCTND	0	1000
R_GALCTNLt2pp	0	1000
R_GALCTNLtex	-1000	1000
R_GALCTNt2pp	0	1000
R_GALCTNtex	-1000	1000
R_GALCTt2rpp	-1000	1000
R_GALCTtex	-1000	1000
R_GALKr	-1000	1000
R_GALM2pp	0	1000
R_GALS3	0	1000
R_GALT1	0	1000
R_GALTptspp	0	1000
R_GALTtex	-1000	1000
R_GALURt2rpp	-1000	1000
R_GALURtex	-1000	1000
R_GALUi	0	1000
R_GALabcpp	0	1000
R_GALt2pp	0	1000
R_GALtex	-1000	1000
R_GAM6Pt6_2pp	0	1000
R_GAMAN6Ptex	-1000	1000
R_GAMptspp	0	1000
R_GAMtex	-1000	1000
R_GAPD	-1000	1000
R_GAPP	0	1000
R_GARFT	-1000	1000
R_GART	0	1000
R_GBBTNtex	-1000	1000
R_GCALDD	0	1000
R_GDMANE	0	1000
R_GDPDPK	0	1000
R_GDPMNH	0	1000
R_GDPMNP	0	1000
R_GDPTPDP	0	1000
R_GDPtex	-1000	1000
R_GF6PTA	0	1000
R_GGGABADr	-1000	1000
R_GGGABAH	0	1000
R_GGPTRCO	0	1000
R_GGPTRCS	0	1000
R_GHBDHx	-1000	1000
R_GHMT2r	-1000	1000
R_GK1	-1000	1000
R_GLBRAN2	0	1000
R_GLCATr	-1000	1000
R_GLCDpp	0	1000
R_GLCNt2rpp	-1000	1000
R_GLCNtex	-1000	1000
R_GLCP	0	1000
R_GLCP2	0	1000
R_GLCRAL	0	1000
R_GLCRD	0	1000
R_GLCRt2rpp	-1000	1000
R_GLCRtex	-1000	1000
R_GLCS1	0	1000
R_GLCTR1	0	1000
R_GLCTR2	0	1000
R_GLCTR3	0	1000
R_GLCUR1Ptex	-1000	1000
R_GLCURt2rpp	-1000	1000
R_GLCURtex	-1000	1000
R_GLCabcpp	0	1000
R_GLCptspp	0	1000
R_GLCt2pp	0	1000
R_GLCtex_copy1	0	1000
R_GLCtex_copy2	-1000	1000
R_GLDBRAN2	0	1000
R_GLGC	0	1000
R_GLNS	0	1000
R_GLNabcpp	0	1000
R_GLNtex	-1000	1000
R_GLTPD	-1000	1000
R_GLU5K	0	1000
R_GLUABUTt7pp	-1000	1000
R_GLUCYS	0	1000
R_GLUDC	0	1000
R_GLUDy	-1000	1000
R_GLUN	0	1000
R_GLUNpp	0	1000
R_GLUPRT	0	1000
R_GLUR	-1000	1000
R_GLUSy	0	1000
R_GLUTRR	0	1000
R_GLUTRS	0	1000
R_GLUabcpp	0	1000
R_GLUt2rpp	-1000	1000
R_GLUt4pp	0	1000
R_GLUtex	-1000	1000
R_GLXCL	0	1000
R_GLYALDtex	-1000	1000
R_GLYALDtpp	-1000	1000
R_GLYAT	-1000	1000
R_GLYBabcpp	0	1000
R_GLYBt2pp	0	1000
R_GLYBt3pp	0	1000
R_GLYBtex	-1000	1000
R_GLYC2Pabcpp	0	1000
R_GLYC2Ptex	-1000	1000
R_GLYC3Pabcpp	0	1000
R_GLYC3Pt6pp	0	1000
R_GLYC3Ptex	-1000	1000
R_GLYCAt2rpp	-1000	1000
R_GLYCAtex	-1000	1000
R_GLYCDx	0	1000
R_GLYCK	0	1000
R_GLYCK2	0	1000
R_GLYCL	0	1000
R_GLYCLTDx	0	1000
R_GLYCLTDy	0	1000
R_GLYCLTt2rpp	-1000	1000
R_GLYCLTt4pp	0	1000
R_GLYCLTtex	-1000	1000
R_GLYCTO2	0	1000
R_GLYCTO3	0	1000
R_GLYCTO4	0	1000
R_GLYCtex	-1000	1000
R_GLYCtpp	-1000	1000
R_GLYK	0	1000
R_GLYOX	0	1000
R_GLYOX3	0	1000
R_GLYt2pp	0	1000
R_GLYt4pp	0	1000
R_GLYtex	-1000	1000
R_GLYtpp	-1000	1000
R_GMAND	0	1000
R_GMHEPAT	0	1000
R_GMHEPK	0	1000
R_GMHEPPA	0	1000
R_GMPR	0	1000
R_GMPS	0	1000
R_GMPS2	0	1000
R_GMPtex	-1000	1000
R_GND	0	1000
R_GNK	0	1000
R_GNP	0	1000
R_GOFUCR	0	1000
R_GP4GH	0	1000
R_GPDDA1	0	1000
R_GPDDA1pp	0	1000
R_GPDDA2	0	1000
R_GPDDA2pp	0	1000
R_GPDDA3	0	1000
R_GPDDA3pp	0	1000
R_GPDDA4	0	1000
R_GPDDA4pp	0	1000
R_GPDDA5	0	1000
R_GPDDA5pp	0	1000
R_GRTT	0	1000
R_GRXR	0	1000
R_GSNK	0	1000
R_GSNt2pp	0	1000
R_GSNt3pp	0	1000
R_GSNtex	-1000	1000
R_GSPMDA	0	1000
R_GSPMDS	0	1000
R_GTHOXtex	-1000	1000
R_GTHOr	-1000	1000
R_GTHPi	0	1000
R_GTHRDHpp	0	1000
R_GTHRDabc2pp	0	1000
R_GTHRDabcpp	0	1000
R_GTHRDtex	-1000	1000
R_GTHS	0	1000
R_GTPCI	0	1000
R_GTPCII2	0	1000
R_GTPDPDP	0	1000
R_GTPDPK	0	1000
R_GTPHs	0	1000
R_GTPtex	-1000	1000
R_GUACYC	0	1000
R_GUAD	0	1000
R_GUAPRT	0	1000
R_GUAt2pp	0	1000
R_GUAtex	-1000	1000
R_GUAtpp	-1000	1000
R_GUI1	-1000	1000
R_GUI2	-1000	1000
R_GUR1PPpp	0	1000
R_H2O2tex	-1000	1000
R_H2Otex	-1000	1000
R_H2Otpp	-1000	1000
R_H2SO	0	1000
R_H2St1pp	0	1000
R_H2Stex	-1000	1000
R_H2tex	-1000	1000
R_H2tpp	-1000	1000
R_HACD1	-1000	1000
R_HACD2	-1000	1000
R_HACD3	-1000	1000
R_HACD4	-1000	1000
R_HACD5	-1000	1000
R_HACD6	-1000	1000
R_HACD7	-1000	1000
R_HACD8	-1000	1000
R_HADPCOADH3	-1000	1000
R_HBZOPT	0	1000
R_HCINNMt2rpp	-1000	1000
R_HCINNMtex	-1000	1000
R_HCO3E	-1000	1000
R_HCYSMT	0	1000
R_HCYSMT2	0	1000
R_HDCAtexi	0	1000
R_HDCEAtexi	0	1000
R_HEMEOS	0	1000
R_HEPK1	0	1000
R_HEPK2	0	1000
R_HEPT1	0	1000
R_HEPT2	0	1000
R_HEPT3	0	1000
R_HEPT4	0	1000
R_HETZK	0	1000
R_HEX1	0	1000
R_HEX4	0	1000
R_HEX7	0	1000
R_HEXt2rpp	-1000	1000
R_HG2abcpp	0	1000
R_HG2t3pp	0	1000
R_HG2tex	-1000	1000
R_HISTD	0	1000
R_HISTP	0	1000
R_HISabcpp	0	1000
R_HISt2rpp	-1000	1000
R_HIStex	-1000	1000
R_HKNDDH	0	1000
R_HKNTDH	0	1000
R_HMBS	0	1000
R_HMPK1	0	1000
R_HOMt2pp	0	1000
R_HOMtex	-1000	1000
R_HOPNTAL	0	1000
R_HPACOAT	0	1000
R_HPPK2	0	1000
R_HPPPNDO	0	1000
R_HPPPNt2rpp	-1000	1000
R_HPPPNtex	-1000	1000
R_HPYRI	-1000	1000
R_HPYRP	0	1000
R_HPYRRx	0	1000
R_HPYRRy	0	1000
R_HSDy	-1000	1000
R_HSK	0	1000
R_HSST	0	1000
R_HSTPT	0	1000
R_HXAND	0	1000
R_HXAtex	-1000	1000
R_HXCT	0	1000
R_HXPRT	0	1000
R_HYD1pp	0	1000
R_HYD2pp	0	1000
R_HYD3pp	0	1000
R_HYPOE	0	1000
R_HYXNtex	-1000	1000
R_HYXNtpp	-1000	1000
R_Htex	-1000	1000
R_I2FE2SR	0	1000
R_I2FE2SS	0	1000
R_I2FE2SS2	0	1000
R_I2FE2ST	0	1000
R_I4FE4SR	0	1000
R_I4FE4ST	0	1000
R_ICDHyr	-1000	1000
R_ICHORS_copy1	0	1000
R_ICHORS_copy2	-1000	1000
R_ICHORT	0	1000
R_ICL	0	1000
R_ICYSDS	0	1000
R_IDOND	-1000	1000
R_IDOND2	0	1000
R_IDONt2rpp	-1000	1000
R_IDONtex	-1000	1000
R_IG3PS	0	1000
R_IGPDH	0	1000
R_IGPS	0	1000
R_ILETA	-1000	1000
R_ILEabcpp	0	1000
R_ILEt2rpp	0	1000
R_ILEt3pp	0	1000
R_ILEtex	-1000	1000
R_IMPC	-1000	1000
R_IMPD	0	1000
R_IMPtex	-1000	1000
R_INDOLEt2pp	0	1000
R_INDOLEt2rpp	0	1000
R_INDOLEtex	-1000	1000
R_INOSTO	-1000	1000
R_INOSTt4pp	0	1000
R_INSH	0	1000
R_INSK	0	1000
R_INSTtex	-1000	1000
R_INSt2pp	0	1000
R_INSt3pp	0	1000
R_INStex	-1000	1000
R_IPDDI	-1000	1000
R_IPDPS	0	1000
R_IPMD	0	1000
R_IPPMIa	-1000	1000
R_IPPMIb	-1000	1000
R_IPPS	0	1000
R_ISETACabcpp	0	1000
R_ISETACtex	-1000	1000
R_K2L4Aabcpp	0	1000
R_K2L4Aabctex	0	1000
R_KARA1	-1000	1000
R_KARA2	-1000	1000
R_KAS14	0	1000
R_KAS15	0	1000
R_KDOCT2	0	1000
R_KDOPP	0	1000
R_KDOPS	0	1000
R_KDUI	0	1000
R_KG6PDC	0	1000
R_Kabcpp	0	1000
R_Kt2pp	0	1000
R_Kt3pp	0	1000
R_Ktex	-1000	1000
R_LA4NTpp	0	1000
R_LACZ	0	1000
R_LACZpp	0	1000
R_LADGMDH	0	1000
R_LALADGLUtex	-1000	1000
R_LALADGLUtpp	0	1000
R_LALALGLUtex	-1000	1000
R_LALALGLUtpp	0	1000
R_LALDO2x	0	1000
R_LALDO3	0	1000
R_LALGP	0	1000
R_LCADi	0	1000
R_LCARS	-1000	1000
R_LCARSyi	0	1000
R_LCTSt3ipp	0	1000
R_LCTStex	-1000	1000
R_LCTStpp	0	1000
R_LDGUNPD	0	1000
R_LDH_D	-1000	1000
R_LDH_D2	0	1000
R_LEUTAi	0	1000
R_LEUabcpp	0	1000
R_LEUt2rpp	0	1000
R_LEUt3pp	0	1000
R_LEUtex	-1000	1000
R_LGTHL	0	1000
R_LIPACabcpp	0	1000
R_LIPAHT2ex	0	1000
R_LIPAHTex	0	1000
R_LIPAMPL	0	1000
R_LIPATPT	0	1000
R_LIPAabcpp	0	1000
R_LIPAabctex	0	1000
R_LIPOCT	0	1000
R_LIPOS	0	1000
R_LIPOt2pp	0	1000
R_LIPOtex	-1000	1000
R_LKDRA	-1000	1000
R_LPADSS	0	1000
R_LPLIPAL1A120pp	0	1000
R_LPLIPAL1A140pp	0	1000
R_LPLIPAL1A141pp	0	1000
R_LPLIPAL1A160pp	0	1000
R_LPLIPAL1A161pp	0	1000
R_LPLIPAL1A180pp	0	1000
R_LPLIPAL1A181pp	0	1000
R_LPLIPAL1E120pp	0	1000
R_LPLIPAL1E140pp	0	1000
R_LPLIPAL1E141pp	0	1000
R_LPLIPAL1E160pp	0	1000
R_LPLIPAL1E161pp	0	1000
R_LPLIPAL1E180pp	0	1000
R_LPLIPAL1E181pp	0	1000
R_LPLIPAL1G120pp	0	1000
R_LPLIPAL1G140pp	0	1000
R_LPLIPAL1G141pp	0	1000
R_LPLIPAL1G160pp	0	1000
R_LPLIPAL1G161pp	0	1000
R_LPLIPAL1G180pp	0	1000
R_LPLIPAL1G181pp	0	1000
R_LPLIPAL2A120	0	1000
R_LPLIPAL2A140	0	1000
R_LPLIPAL2A141	0	1000
R_LPLIPAL2A160	0	1000
R_LPLIPAL2A161	0	1000
R_LPLIPAL2A180	0	1000
R_LPLIPAL2A181	0	1000
R_LPLIPAL2ATE120	0	1000
R_LPLIPAL2ATE140	0	1000
R_LPLIPAL2ATE141	0	1000
R_LPLIPAL2ATE160	0	1000
R_LPLIPAL2ATE161	0	1000
R_LPLIPAL2ATE180	0	1000
R_LPLIPAL2ATE181	0	1000
R_LPLIPAL2ATG120	0	1000
R_LPLIPAL2ATG140	0	1000
R_LPLIPAL2ATG141	0	1000
R_LPLIPAL2ATG160	0	1000
R_LPLIPAL2ATG161	0	1000
R_LPLIPAL2ATG180	0	1000
R_LPLIPAL2ATG181	0	1000
R_LPLIPAL2E120	0	1000
R_LPLIPAL2E140	0	1000
R_LPLIPAL2E141	0	1000
R_LPLIPAL2E160	0	1000
R_LPLIPAL2E161	0	1000
R_LPLIPAL2E180	0	1000
R_LPLIPAL2E181	0	1000
R_LPLIPAL2G120	0	1000
R_LPLIPAL2G140	0	1000
R_LPLIPAL2G141	0	1000
R_LPLIPAL2G160	0	1000
R_LPLIPAL2G161	0	1000
R_LPLIPAL2G180	0	1000
R_LPLIPAL2G181	0	1000
R_LSERDHr	-1000	1000
R_LYSAM	-1000	1000
R_LYSDC	0	1000
R_LYSabcpp	0	1000
R_LYSt2pp	0	1000
R_LYSt3pp	0	1000
R_LYStex	-1000	1000
R_LYXI	0	1000
R_LYXt2pp	0	1000
R_LYXtex	-1000	1000
R_L_LACD2	0	1000
R_L_LACD3	0	1000
R_L_LACt2rpp	-1000	1000
R_L_LACtex	-1000	1000
R_M1PD	-1000	1000
R_MACPD	0	1000
R_MALCOAMT	0	1000
R_MALDDH	0	1000
R_MALDt2_2pp	0	1000
R_MALDtex	-1000	1000
R_MALS	0	1000
R_MALTATr	-1000	1000
R_MALTHXabcpp	0	1000
R_MALTHXtexi	0	1000
R_MALTPTabcpp	0	1000
R_MALTPTtexi	0	1000
R_MALTTRabcpp	0	1000
R_MALTTRtexi	0	1000
R_MALTTTRabcpp	0	1000
R_MALTTTRtexi	0	1000
R_MALTabcpp	0	1000
R_MALTptspp	0	1000
R_MALTtexi	0	1000
R_MALt2_2pp	0	1000
R_MALt2_3pp	0	1000
R_MALt3pp	0	1000
R_MALtex	-1000	1000
R_MAN1PT2	0	1000
R_MAN6PI	-1000	1000
R_MAN6Pt6_2pp	0	1000
R_MAN6Ptex	-1000	1000
R_MANAO	-1000	1000
R_MANGLYCptspp	0	1000
R_MANGLYCtex	-1000	1000
R_MANPGH	0	1000
R_MANptspp	0	1000
R_MANtex	-1000	1000
R_MC6PH	0	1000
R_MCITD	0	1000
R_MCITL2	-1000	1000
R_MCITS	0	1000
R_MCOATA	-1000	1000
R_MCPST	0	1000
R_MCTP1App	0	1000
R_MCTP1Bpp	0	1000
R_MCTP2App	0	1000
R_MDDCP1pp	0	1000
R_MDDCP2pp	0	1000
R_MDDCP3pp	0	1000
R_MDDCP4pp	0	1000
R_MDDCP5pp	0	1000
R_MDDEP1pp	0	1000
R_MDDEP2pp	0	1000
R_MDDEP3pp	0	1000
R_MDDEP4pp	0	1000
R_MDH	-1000	1000
R_MDH2	0	1000
R_MDH3	0	1000
R_ME1	0	1000
R_ME2	0	1000
R_MECDPDH5	0	1000
R_MECDPS	0	1000
R_MELIBt2pp	0	1000
R_MELIBt3ipp	0	1000
R_MELIBtex	-1000	1000
R_MEOHtex	-1000	1000
R_MEOHtrpp	-1000	1000
R_MEPCT	0	1000
R_MEPNabcpp	0	1000
R_MEPNtex	-1000	1000
R_METAT	0	1000
R_METDabcpp	0	1000
R_METDtex	-1000	1000
R_METGLCUR	0	1000
R_METGLCURt2pp	0	1000
R_METGLCURtex	-1000	1000
R_METNA	-1000	1000
R_METOX1s	0	1000
R_METOX2s	0	1000
R_METS	0	1000
R_METSOX1abcpp	0	1000
R_METSOX1tex	-1000	1000
R_METSOX2abcpp	0	1000
R_METSOX2tex	-1000	1000
R_METSOXR1	0	1000
R_METSOXR2	0	1000
R_METabcpp	0	1000
R_METt3pp	0	1000
R_METtex	-1000	1000
R_MG2t3_2pp	-1000	1000
R_MG2tex	-1000	1000
R_MG2tpp	0	1000
R_MG2uabcpp	0	1000
R_MGSA	0	1000
R_MI1PP	0	1000
R_MICITDr	-1000	1000
R_MINCYCtex	-1000	1000
R_MINCYCtpp	0	1000
R_MINOHPtexi	0	1000
R_MLDCP1App	0	1000
R_MLDCP1Bpp	0	1000
R_MLDCP2App	0	1000
R_MLDCP2Bpp	0	1000
R_MLDCP3App	0	1000
R_MLDEP1pp	0	1000
R_MLDEP2pp	0	1000
R_MLTG1	0	1000
R_MLTG2	0	1000
R_MLTG3	0	1000
R_MLTG4	0	1000
R_MLTG5	0	1000
R_MLTGY1pp	0	1000
R_MLTGY2pp	0	1000
R_MLTGY3pp	0	1000
R_MLTGY4pp	0	1000
R_MLTP1	-1000	1000
R_MLTP2	-1000	1000
R_MLTP3	-1000	1000
R_MMCD	0	1000
R_MMETt2pp	0	1000
R_MMETtex	-1000	1000
R_MMM	0	1000
R_MN2t3pp	0	1000
R_MN2tipp	0	1000
R_MN2tpp	0	1000
R_MN6PP	0	1000
R_MNLptspp	0	1000
R_MNLtex	-1000	1000
R_MNNH	0	1000
R_MNt2pp	0	1000
R_MNtex	-1000	1000
R_MOADSUx	0	1000
R_MOAT	0	1000
R_MOAT2	0	1000
R_MOAT3C	0	1000
R_MOBDabcpp	0	1000
R_MOBDtex	-1000	1000
R_MOCDS	0	1000
R_MOCOS	0	1000
R_MOGDS	0	1000
R_MOHMT	0	1000
R_MOX	0	1000
R_MPTAT	0	1000
R_MPTG	0	1000
R_MPTG2	0	1000
R_MPTS	0	1000
R_MPTSS	0	1000
R_MSAR	0	1000
R_MSO3abcpp	0	1000
R_MSO3tex	-1000	1000
R_MTAN	0	1000
R_MTHFC	-1000	1000
R_MTHFD	-1000	1000
R_MTHFR2	0	1000
R_MTHTHFSs	0	1000
R_MTRPOX	0	1000
R_N2Otex	-1000	1000
R_N2Otpp	-1000	1000
R_NACtex	-1000	1000
R_NACtpp	0	1000
R_NADDP	0	1000
R_NADH10	0	1000
R_NADH16pp	0	1000
R_NADH17pp	0	1000
R_NADH18pp	0	1000
R_NADH5	0	1000
R_NADH9	0	1000
R_NADHHR	0	1000
R_NADHHS	0	1000
R_NADHPO	0	1000
R_NADHXD	0	1000
R_NADHXE	-1000	1000
R_NADK	0	1000
R_NADN	0	1000
R_NADPHHR	0	1000
R_NADPHHS	0	1000
R_NADPHQR2	0	1000
R_NADPHQR3	0	1000
R_NADPHQR4	0	1000
R_NADPHXD	0	1000
R_NADPHXE	-1000	1000
R_NADPPPS	0	1000
R_NADS1	0	1000
R_NADTRHD	0	1000
R_NAMNPP	0	1000
R_NAt3_1p5pp	0	1000
R_NAt3_2pp	0	1000
R_NAt3pp	0	1000
R_NAtex	-1000	1000
R_NDP3	0	1000
R_NDP7	0	1000
R_NDPK1	-1000	1000
R_NDPK2	-1000	1000
R_NDPK3	-1000	1000
R_NDPK4	-1000	1000
R_NDPK5	-1000	1000
R_NDPK6	-1000	1000
R_NDPK7	-1000	1000
R_NDPK8	-1000	1000
R_NH4tex	-1000	1000
R_NH4tpp	-1000	1000
R_NHFRBO	0	1000
R_NI2abcpp	0	1000
R_NI2t3pp	0	1000
R_NI2tex	-1000	1000
R_NI2tpp	0	1000
R_NI2uabcpp	0	1000
R_NMNAT	0	1000
R_NMNDA	0	1000
R_NMNN	0	1000
R_NMNPtpp	0	1000
R_NMNt7pp	0	1000
R_NMNtex	-1000	1000
R_NNAM	0	1000
R_NNATr	-1000	1000
R_NNDMBRT	0	1000
R_NNDPR	0	1000
R_NO2t2rpp	-1000	1000
R_NO2tex	-1000	1000
R_NO3R1bpp	0	1000
R_NO3R1pp	0	1000
R_NO3R2bpp	0	1000
R_NO3R2pp	0	1000
R_NO3t7pp	0	1000
R_NO3tex	-1000	1000
R_NODOx	0	1000
R_NODOy	0	1000
R_NOVBCNtex	-1000	1000
R_NOVBCNtpp	0	1000
R_NOtex	-1000	1000
R_NOtpp	-1000	1000
R_NTD1	0	1000
R_NTD10	0	1000
R_NTD10pp	0	1000
R_NTD11	0	1000
R_NTD11pp	0	1000
R_NTD12	0	1000
R_NTD12pp	0	1000
R_NTD1pp	0	1000
R_NTD2	0	1000
R_NTD2pp	0	1000
R_NTD3	0	1000
R_NTD3pp	0	1000
R_NTD4	0	1000
R_NTD4pp	0	1000
R_NTD5	0	1000
R_NTD5pp	0	1000
R_NTD6	0	1000
R_NTD6pp	0	1000
R_NTD7	0	1000
R_NTD7pp	0	1000
R_NTD8	0	1000
R_NTD8pp	0	1000
R_NTD9	0	1000
R_NTD9pp	0	1000
R_NTP1	0	1000
R_NTP10	0	1000
R_NTP11	0	1000
R_NTP12	0	1000
R_NTP3	0	1000
R_NTP3pp	0	1000
R_NTP5	0	1000
R_NTPP1	0	1000
R_NTPP10	0	1000
R_NTPP11	0	1000
R_NTPP2	0	1000
R_NTPP3	0	1000
R_NTPP4	0	1000
R_NTPP5	0	1000
R_NTPP6	0	1000
R_NTPP7	0	1000
R_NTPP8	0	1000
R_NTPP9	0	1000
R_NTPTP1	0	1000
R_NTPTP2	0	1000
R_NTRIR2x	0	1000
R_NTRIR3pp	0	1000
R_NTRIR4pp	0	1000
R_O16A4COLIPAabctex	0	1000
R_O16A4Lpp	0	1000
R_O16AP1pp	0	1000
R_O16AP2pp	0	1000
R_O16AP3pp	0	1000
R_O16AT	0	1000
R_O16AUNDtpp	0	1000
R_O16GALFT	0	1000
R_O16GLCT1	0	1000
R_O16GLCT2	0	1000
R_O2Stex	-1000	1000
R_O2tex	-1000	1000
R_O2tpp	-1000	1000
R_OAADC	0	1000
R_OBTFL	0	1000
R_OCBT	-1000	1000
R_OCDCAtexi	0	1000
R_OCDCEAtexi	0	1000
R_OCTAtex	-1000	1000
R_OCTDPS	0	1000
R_OCTNLL	0	1000
R_OGMEACPD	0	1000
R_OGMEACPR	0	1000
R_OGMEACPS	0	1000
R_OHPBAT	-1000	1000
R_OHPHM	0	1000
R_OMBZLM	0	1000
R_OMCDC	0	1000
R_OMMBLHX3	0	1000
R_OMMBLHXy	0	1000
R_OMPDC	0	1000
R_OMPHHXy	0	1000
R_OP4ENH	0	1000
R_OPHBDC	0	1000
R_OPHHX3	0	1000
R_OPHHXy	0	1000
R_OPMEACPD	0	1000
R_OPMEACPR	0	1000
R_OPMEACPS	0	1000
R_ORNDC	0	1000
R_ORNabcpp	0	1000
R_ORNtex	-1000	1000
R_OROTt2_2pp	0	1000
R_OROTtex	-1000	1000
R_ORPT	-1000	1000
R_OXAMTC	0	1000
R_OXCDC	0	1000
R_OXCOAHDH	0	1000
R_OXDHCOAT	0	1000
R_P5CD	0	1000
R_P5CR	0	1000
R_PA120abcpp	0	1000
R_PA140abcpp	0	1000
R_PA141abcpp	0	1000
R_PA160abcpp	0	1000
R_PA161abcpp	0	1000
R_PA180abcpp	0	1000
R_PA181abcpp	0	1000
R_PACALDt2rpp	-1000	1000
R_PACALDtex	-1000	1000
R_PACCOAE	0	1000
R_PACCOAL	0	1000
R_PACOAT	0	1000
R_PAI2I	0	1000
R_PAI2T	0	1000
R_PANTS	0	1000
R_PAPA120	0	1000
R_PAPA120pp	0	1000
R_PAPA140	0	1000
R_PAPA140pp	0	1000
R_PAPA141	0	1000
R_PAPA141pp	0	1000
R_PAPA160	0	1000
R_PAPA160pp	0	1000
R_PAPA161	0	1000
R_PAPA161pp	0	1000
R_PAPA180	0	1000
R_PAPA180pp	0	1000
R_PAPA181	0	1000
R_PAPA181pp	0	1000
R_PAPPT3	0	1000
R_PAPSR	0	1000
R_PAPSR2	0	1000
R_PCNO	-1000	1000
R_PDE1	0	1000
R_PDE4	0	1000
R_PDH	0	1000
R_PDX5PO2	0	1000
R_PDX5POi	0	1000
R_PDX5PS	0	1000
R_PDXPP	0	1000
R_PE120abcpp	0	1000
R_PE140abcpp	0	1000
R_PE141abcpp	0	1000
R_PE160abcpp	0	1000
R_PE161abcpp	0	1000
R_PE180abcpp	0	1000
R_PE181abcpp	0	1000
R_PEAMNOpp	0	1000
R_PEAMNtex	-1000	1000
R_PERD	-1000	1000
R_PETNT161pp	0	1000
R_PETNT181pp	0	1000
R_PFK	0	1000
R_PFK_2	0	1000
R_PFK_3	0	1000
R_PFL	0	1000
R_PG120abcpp	0	1000
R_PG140abcpp	0	1000
R_PG141abcpp	0	1000
R_PG160abcpp	0	1000
R_PG161abcpp	0	1000
R_PG180abcpp	0	1000
R_PG181abcpp	0	1000
R_PGAMT	-1000	1000
R_PGCD	0	1000
R_PGI	-1000	1000
R_PGK	-1000	1000
R_PGL	0	1000
R_PGLYCP	0	1000
R_PGM	-1000	1000
R_PGMT	-1000	1000
R_PGP120abcpp	0	1000
R_PGP140abcpp	0	1000
R_PGP141abcpp	0	1000
R_PGP160abcpp	0	1000
R_PGP161abcpp	0	1000
R_PGP180abcpp	0	1000
R_PGP181abcpp	0	1000
R_PGPP120	0	1000
R_PGPP120pp	0	1000
R_PGPP140	0	1000
R_PGPP140pp	0	1000
R_PGPP141	0	1000
R_PGPP141pp	0	1000
R_PGPP160	0	1000
R_PGPP160pp	0	1000
R_PGPP161	0	1000
R_PGPP161pp	0	1000
R_PGPP180	0	1000
R_PGPP180pp	0	1000
R_PGPP181	0	1000
R_PGPP181pp	0	1000
R_PGSA120	0	1000
R_PGSA140	0	1000
R_PGSA141	0	1000
R_PGSA160	0	1000
R_PGSA161	0	1000
R_PGSA180	0	1000
R_PGSA181	0	1000
R_PHDA	0	1000
R_PHEMEabcpp	0	1000
R_PHEMEtiex	0	1000
R_PHETA1	-1000	1000
R_PHEt2rpp	-1000	1000
R_PHEtex	-1000	1000
R_PHEtipp	0	1000
R_PHYTSpp	0	1000
R_PIt2rpp	0	1000
R_PItex	-1000	1000
R_PItpp	0	1000
R_PIuabcpp	0	1000
R_PLIPA1A120pp	0	1000
R_PLIPA1A140pp	0	1000
R_PLIPA1A141pp	0	1000
R_PLIPA1A160pp	0	1000
R_PLIPA1A161pp	0	1000
R_PLIPA1A180pp	0	1000
R_PLIPA1A181pp	0	1000
R_PLIPA1E120pp	0	1000
R_PLIPA1E140pp	0	1000
R_PLIPA1E141pp	0	1000
R_PLIPA1E160pp	0	1000
R_PLIPA1E161pp	0	1000
R_PLIPA1E180pp	0	1000
R_PLIPA1E181pp	0	1000
R_PLIPA1G120pp	0	1000
R_PLIPA1G140pp	0	1000
R_PLIPA1G141pp	0	1000
R_PLIPA1G160pp	0	1000
R_PLIPA1G161pp	0	1000
R_PLIPA1G180pp	0	1000
R_PLIPA1G181pp	0	1000
R_PLIPA2A120pp	0	1000
R_PLIPA2A140pp	0	1000
R_PLIPA2A141pp	0	1000
R_PLIPA2A160pp	0	1000
R_PLIPA2A161pp	0	1000
R_PLIPA2A180pp	0	1000
R_PLIPA2A181pp	0	1000
R_PLIPA2E120pp	0	1000
R_PLIPA2E140pp	0	1000
R_PLIPA2E141pp	0	1000
R_PLIPA2E160pp	0	1000
R_PLIPA2E161pp	0	1000
R_PLIPA2E180pp	0	1000
R_PLIPA2E181pp	0	1000
R_PLIPA2G120pp	0	1000
R_PLIPA2G140pp	0	1000
R_PLIPA2G141pp	0	1000
R_PLIPA2G160pp	0	1000
R_PLIPA2G161pp	0	1000
R_PLIPA2G180pp	0	1000
R_PLIPA2G181pp	0	1000
R_PMANM	-1000	1000
R_PMDPHT	0	1000
R_PMEACPE	0	1000
R_PMPK	0	1000
R_PNSPA	0	1000
R_PNTK	0	1000
R_PNTOt4pp	0	1000
R_PNTOtex	-1000	1000
R_POAACR	0	1000
R_POR5	-1000	1000
R_POX	0	1000
R_PPA	0	1000
R_PPA2	0	1000
R_PPAKr	-1000	1000
R_PPALtex	-1000	1000
R_PPALtpp	-1000	1000
R_PPAt4pp	0	1000
R_PPAtex	-1000	1000
R_PPBNGS	0	1000
R_PPC	0	1000
R_PPCDC	0	1000
R_PPCK	0	1000
R_PPCSCT	0	1000
R_PPDOy	0	1000
R_PPGPPDP	0	1000
R_PPK	0	1000
R_PPK2	0	1000
R_PPM	-1000	1000
R_PPM2	-1000	1000
R_PPNCL2	0	1000
R_PPND	0	1000
R_PPNDH	0	1000
R_PPPGO	0	1000
R_PPPGO3	0	1000
R_PPPNDO	0	1000
R_PPPNt2rpp	-1000	1000
R_PPPNtex	-1000	1000
R_PPS	0	1000
R_PPTHpp	0	1000
R_PPTtex	-1000	1000
R_PRAGSr	-1000	1000
R_PRAIS	0	1000
R_PRAIi	0	1000
R_PRAMPC	0	1000
R_PRASCSi	0	1000
R_PRATPP	0	1000
R_PRCPD	0	1000
R_PRFGS	0	1000
R_PRMICI	-1000	1000
R_PROD3	0	1000
R_PROGLYabcpp	0	1000
R_PROGLYtex	-1000	1000
R_PROabcpp	0	1000
R_PROt2rpp	-1000	1000
R_PROt4pp	0	1000
R_PROtex	-1000	1000
R_PRPPS	-1000	1000
R_PSCLYSt2pp	0	1000
R_PSCLYStex	-1000	1000
R_PSCVT	-1000	1000
R_PSD120	0	1000
R_PSD140	0	1000
R_PSD141	0	1000
R_PSD160	0	1000
R_PSD161	0	1000
R_PSD180	0	1000
R_PSD181	0	1000
R_PSERT	0	1000
R_PSERtex	-1000	1000
R_PSP_L	0	1000
R_PSP_Lpp	0	1000
R_PSSA120	0	1000
R_PSSA140	0	1000
R_PSSA141	0	1000
R_PSSA160	0	1000
R_PSSA161	0	1000
R_PSSA180	0	1000
R_PSSA181	0	1000
R_PSURIK	0	1000
R_PSURItex	-1000	1000
R_PSURItpp	0	1000
R_PTA2	0	1000
R_PTAr	-1000	1000
R_PTHRpp	0	1000
R_PTPATi	0	1000
R_PTRCORNt7pp	-1000	1000
R_PTRCTA	0	1000
R_PTRCabcpp	0	1000
R_PTRCt2pp	0	1000
R_PTRCtex	-1000	1000
R_PUACGAMS	-1000	1000
R_PUACGAMtr	0	1000
R_PUNP1	-1000	1000
R_PUNP2	-1000	1000
R_PUNP3	-1000	1000
R_PUNP4	-1000	1000
R_PUNP5	-1000	1000
R_PUNP6	-1000	1000
R_PUNP7	-1000	1000
R_PYAM5PO	0	1000
R_PYDAMK	0	1000
R_PYDAMtex	-1000	1000
R_PYDAMtpp	0	1000
R_PYDXK	0	1000
R_PYDXNK	0	1000
R_PYDXNtex	-1000	1000
R_PYDXNtpp	0	1000
R_PYDXPP	0	1000
R_PYDXtex	-1000	1000
R_PYDXtpp	0	1000
R_PYK	0	1000
R_PYK2	0	1000
R_PYK3	0	1000
R_PYK4	0	1000
R_PYK6	0	1000
R_PYNP2r	-1000	1000
R_PYROX	0	1000
R_PYRt2rpp	-1000	1000
R_PYRtex	-1000	1000
R_QMO2	0	1000
R_QMO3	0	1000
R_QUIN2tex	-1000	1000
R_QUIN2tpp	-1000	1000
R_QUINDH	0	1000
R_QUINDHyi	0	1000
R_QULNS	0	1000
R_R15BPK	0	1000
R_R1PK	0	1000
R_R5PP	0	1000
R_R5PPpp	0	1000
R_R5Ptex	-1000	1000
R_RBFK	0	1000
R_RBFSa	0	1000
R_RBFSb	0	1000
R_RBK	0	1000
R_RBK_L1	0	1000
R_RBP4E	-1000	1000
R_REPHACCOAI	-1000	1000
R_RFAMPtex	-1000	1000
R_RFAMPtpp	0	1000
R_RHAT1	0	1000
R_RHCCE	0	1000
R_RHMND	-1000	1000
R_RIBabcpp	0	1000
R_RIBtex	-1000	1000
R_RMI	-1000	1000
R_RMK	0	1000
R_RMNtex	-1000	1000
R_RMNtpp	0	1000
R_RMPA	-1000	1000
R_RNDR1	0	1000
R_RNDR1b	0	1000
R_RNDR2	0	1000
R_RNDR2b	0	1000
R_RNDR3	0	1000
R_RNDR3b	0	1000
R_RNDR4	0	1000
R_RNDR4b	0	1000
R_RNTR1c2	0	1000
R_RNTR2c2	0	1000
R_RNTR3c2	0	1000
R_RNTR4c2	0	1000
R_RPE	-1000	1000
R_RPI	-1000	1000
R_RPNTPH	0	1000
R_RU5PP	0	1000
R_RZ5PP	0	1000
R_S2FE2SR	0	1000
R_S2FE2SS	0	1000
R_S2FE2SS2	0	1000
R_S2FE2ST	0	1000
R_S4FE4SR	0	1000
R_S4FE4ST	0	1000
R_S7PI	0	1000
R_SADH	0	1000
R_SADT2	0	1000
R_SARCOX	0	1000
R_SBTPD	-1000	1000
R_SBTptspp	0	1000
R_SBTtex	-1000	1000
R_SCYSDS	0	1000
R_SDPDS	0	1000
R_SDPTA	-1000	1000
R_SELGTHR	0	1000
R_SELGTHR2	0	1000
R_SELGTHR3	0	1000
R_SELNPS	0	1000
R_SELR	0	1000
R_SELabcpp	0	1000
R_SELtex	-1000	1000
R_SEPHCHCS	0	1000
R_SERASr	-1000	1000
R_SERAT	-1000	1000
R_SERD_D	0	1000
R_SERD_L	0	1000
R_SERt2rpp	0	1000
R_SERt4pp	0	1000
R_SERtex	-1000	1000
R_SERtpp	0	1000
R_SFGTHi	0	1000
R_SGDS	0	1000
R_SGSAD	0	1000
R_SHCHCS3	0	1000
R_SHCHD2	0	1000
R_SHCHF	0	1000
R_SHGO	0	1000
R_SHK3Dr	-1000	1000
R_SHKK	0	1000
R_SHSL1	0	1000
R_SKMt2pp	0	1000
R_SKMtex	-1000	1000
R_SLNTabcpp	0	1000
R_SLNTtex	-1000	1000
R_SO2tex	-1000	1000
R_SO2tpp	-1000	1000
R_SO3tex	-1000	1000
R_SO4t2pp	0	1000
R_SO4tex	-1000	1000
R_SOTA	0	1000
R_SPMDAT1	0	1000
R_SPMDAT2	0	1000
R_SPMDabcpp	0	1000
R_SPMDt3pp	0	1000
R_SPMDtex	-1000	1000
R_SPMS	0	1000
R_SPODM	0	1000
R_SPODMpp	0	1000
R_SQGH	0	1000
R_SQVOSI	0	1000
R_SQtex	-1000	1000
R_SQtr	0	1000
R_SSALx	0	1000
R_SSALy	0	1000
R_SUCASPtpp	-1000	1000
R_SUCBZL	0	1000
R_SUCBZS	0	1000
R_SUCCt1pp	-1000	1000
R_SUCCt2_2pp	0	1000
R_SUCCt2_3pp	0	1000
R_SUCCtex	-1000	1000
R_SUCDi	0	1000
R_SUCFUMtpp	-1000	1000
R_SUCMALtpp	-1000	1000
R_SUCOAS	-1000	1000
R_SUCRtex	-1000	1000
R_SUCTARTtpp	-1000	1000
R_SUCptspp	0	1000
R_SULFACabcpp	0	1000
R_SULFACtex	-1000	1000
R_SULR	0	1000
R_SULabcpp	0	1000
R_T2DECAI	-1000	1000
R_TAGURr	-1000	1000
R_TALA	-1000	1000
R_TARTD	0	1000
R_TARTRDtex	-1000	1000
R_TARTRt7pp	-1000	1000
R_TARTRtex	-1000	1000
R_TARTt2_3pp	0	1000
R_TAUDO	0	1000
R_TAURabcpp	0	1000
R_TAURtex	-1000	1000
R_TCYNTtex	-1000	1000
R_TDP	0	1000
R_TDPADGAT	0	1000
R_TDPAGTA	0	1000
R_TDPDRE	0	1000
R_TDPDRR	0	1000
R_TDPGDH	0	1000
R_TDSK	0	1000
R_TDSR1	0	1000
R_TDSR2	0	1000
R_TEO2M	0	1000
R_TGBPA	-1000	1000
R_THD2pp	0	1000
R_THDPS	0	1000
R_THFAT	0	1000
R_THIORDXi	0	1000
R_THMDt2pp_copy1	0	1000
R_THMDt2pp_copy2	-1000	1000
R_THMDtex	-1000	1000
R_THMabcpp	0	1000
R_THMtex	-1000	1000
R_THRA	0	1000
R_THRA2	0	1000
R_THRD	0	1000
R_THRD_L	0	1000
R_THRPtex	-1000	1000
R_THRS	0	1000
R_THRabcpp	0	1000
R_THRt2pp	0	1000
R_THRt2rpp	0	1000
R_THRt4pp	0	1000
R_THRtex	-1000	1000
R_THYMt3pp	0	1000
R_THYMtex	-1000	1000
R_THZPSN3	0	1000
R_TKT1	-1000	1000
R_TKT2	-1000	1000
R_TMAOR1	0	1000
R_TMAOR1pp	0	1000
R_TMAOR2	0	1000
R_TMAOR2pp	0	1000
R_TMAOtex	-1000	1000
R_TMAtex	-1000	1000
R_TMDK1	0	1000
R_TMDPP	-1000	1000
R_TMDS	0	1000
R_TMK	0	1000
R_TMPK	0	1000
R_TMPPP	0	1000
R_TPI	-1000	1000
R_TPRDCOAS	0	1000
R_TRDR	0	1000
R_TRE6PH	0	1000
R_TRE6PP	0	1000
R_TRE6PS	0	1000
R_TREH	0	1000
R_TREHpp	0	1000
R_TREptspp	0	1000
R_TREtex	-1000	1000
R_TRPAS2	-1000	1000
R_TRPS1	0	1000
R_TRPS2	0	1000
R_TRPS3	0	1000
R_TRPt2rpp	-1000	1000
R_TRPtex	-1000	1000
R_TRPtipp	0	1000
R_TRSARr	-1000	1000
R_TSULabcpp	0	1000
R_TSULtex	-1000	1000
R_TTDCAtexi	0	1000
R_TTDCEAtexi	0	1000
R_TTRCYCtex	-1000	1000
R_TTRCYCtpp	0	1000
R_TUNGSabcpp	0	1000
R_TUNGStex	-1000	1000
R_TYMtex	-1000	1000
R_TYRL	0	1000
R_TYROXDApp	0	1000
R_TYRPpp	0	1000
R_TYRPtex	-1000	1000
R_TYRTA	-1000	1000
R_TYRt2rpp	-1000	1000
R_TYRtex	-1000	1000
R_TYRtipp	0	1000
R_ThDPAT	0	1000
R_U23GAAT	0	1000
R_UAAGDS	0	1000
R_UACGALPpp	0	1000
R_UACGAMPpp	0	1000
R_UACGAMtex	-1000	1000
R_UACMAMO	0	1000
R_UAG2E	-1000	1000
R_UAGAAT	-1000	1000
R_UAGCVT	0	1000
R_UAGDP	0	1000
R_UAGPT3	0	1000
R_UAMAGS	0	1000
R_UAMAS	0	1000
R_UAPGR	0	1000
R_UDCPDP	0	1000
R_UDCPDPS	0	1000
R_UDCPDPpp	0	1000
R_UDCPPtppi	0	1000
R_UDPACGALtex	-1000	1000
R_UDPG4E	-1000	1000
R_UDPGALM	0	1000
R_UDPGALPpp	0	1000
R_UDPGALtex	-1000	1000
R_UDPGD	0	1000
R_UDPGDC	0	1000
R_UDPGLCURtex	-1000	1000
R_UDPGPT	-1000	1000
R_UDPGPpp	0	1000
R_UDPGtex	-1000	1000
R_UDPKAAT	-1000	1000
R_UGCIAMH	0	1000
R_UGLCURPpp	0	1000
R_UGLT	-1000	1000
R_UGLYCH	0	1000
R_UGMDDS	0	1000
R_UHGADA	0	1000
R_ULA4NFT	0	1000
R_ULA4Ntppi	0	1000
R_UM3PL	0	1000
R_UM4PCP	0	1000
R_UM4PL	0	1000
R_UMPK	-1000	1000
R_UMPtex	-1000	1000
R_UPLA4FNF	0	1000
R_UPLA4FNT	0	1000
R_UPP3MT	0	1000
R_UPP3S	0	1000
R_UPPDC1	0	1000
R_UPPRT	0	1000
R_URACPAH	0	1000
R_URATEtex	-1000	1000
R_URATEtpp	0	1000
R_URAt2pp	0	1000
R_URAtex	-1000	1000
R_URAtpp	0	1000
R_URDGLYCD	0	1000
R_UREAtex	-1000	1000
R_UREAtpp	-1000	1000
R_URIC	0	1000
R_URIH	0	1000
R_URIK1	0	1000
R_URIK2	0	1000
R_URIt2pp_copy1	0	1000
R_URIt2pp_copy2	-1000	1000
R_URItex	-1000	1000
R_USHD	0	1000
R_VALTA	-1000	1000
R_VALabcpp	0	1000
R_VALt2rpp	0	1000
R_VALt3pp	0	1000
R_VALtex	-1000	1000
R_VPAMTr	-1000	1000
R_WCOS	0	1000
R_X5PL3E	0	1000
R_XAND	0	1000
R_XANt2pp	0	1000
R_XANtex	-1000	1000
R_XANtpp	-1000	1000
R_XMPtex	-1000	1000
R_XPPT	0	1000
R_XTSNH	0	1000
R_XTSNt2rpp	-1000	1000
R_XTSNtex	-1000	1000
R_XYHDL	0	1000
R_XYLI1	-1000	1000
R_XYLI2	-1000	1000
R_XYLK	0	1000
R_XYLK2	0	1000
R_XYLUt2pp	0	1000
R_XYLUtex	-1000	1000
R_XYLabcpp	0	1000
R_XYLt2pp	0	1000
R_XYLtex	-1000	1000
R_YUMPS	-1000	1000
R_ZN2abcpp	0	1000
R_ZN2t3pp	0	1000
R_ZN2tpp	0	1000
R_ZNabcpp	0	1000
R_Zn2tex	-1000	1000
R_AIRCra	0	1000
R_AIRCrb	0	1000
R_LDAPAT	0	1000
R_ACt2r	0	1000
R_AHSERL2_1	0	1000
R_AHSERL4	0	1000
R_HCYSS2	-1000	0
R_ACSERHS	0	1000
R_ACtr	0	1000
R_ADtr	0	1000
R_AMID_1	0	1000
R_ASPTA4	0	1000
R_FRDO	-1000	0
R_HMR_6515	0	1000
R_NAR_syn_2	-1000	0
R_PIMEtr	0	1000
R_PYDXO	-1000	0
R_SIRA2	-1000	0
R_TSULR3e	-1000	0
R_X00002	-1000	0
R_3MMD	-1000	0
R_ACt2r_1	0	1000
R_AH6PI	-1000	0
R_AHSERL	0	1000
R_CITACt	-1000	0
R_CITt2r	0	1000
R_CO2FO	-1000	0
R_FALDM	0	1000
R_GLUSfx	0	1000
R_GLYALDDr	0	1000
R_GSEALD	-1000	0
R_HSDxi	0	1000
R_HSERTA	0	1000
R_KGD2	-1000	0
R_RU5PS	-1000	0
R_SHSL4r	0	1000
R_Ht	0	1000
R_FRD2rpp	0	1000
R_H2Ot	-1000	1000
R_FRDx	0	1000
R_SUCD4	0	1000
R_GLXO3r	0	1000
R_DHORD3	0	1000
R_DHORD_NAD	-1000	0
R_FRD5	0	1000
R_ACOAD1	0	1000
R_SUCD1	-1000	0
R_GTHOXti	0	1000
R_GTHPe	0	1000
R_GTHRDt2	-1000	0
R_LDH_D1	0	1000
R_PYDXNO	0	1000
R_PYDXOR	0	1000
R_FDH5r2pp	0	1000
R_FORt	-1000	0
R_NADHNQR	0	1000
R_NAt	0	1000
R_FDH6r	0	1000
R_GLCURT	-1000	0
R_GLYTA	0	1000
R_INOSR	-1000	0
R_ITPOXAL	-1000	0
R_MTHFC_1	0	1000
R_PFK_adp	0	1000
R_PFK_ppi	-1000	0
