org	gene	value
bsub	G_BSU30780	TP
bsub	G_BSU17390	FN
bsub	G_BSU28390	FN
bsub	G_BSU24310	FN
bsub	G_BSU30820	TP
bsub	G_BSU15230	TP
bsub	G_BSU22440	FN
bsub	G_BSU00280	TP
bsub	G_BSU21810	FN
bsub	G_BSU33930	FN
bsub	G_BSU37120	FN
bsub	G_BSU24350	FN
bsub	G_BSU31620	FN
bsub	G_BSU29190	FN
bsub	G_BSU04620	FN
bsub	G_BSU31610	FN
bsub	G_BSU01370	FN
bsub	G_BSU31650	FN
bsub	G_BSU17890	TP
bsub	G_BSU32170	TP
bsub	G_BSU36900	FN
bsub	G_BSU29210	FN
bsub	G_BSU32110	FN
bsub	G_BSU31630	FN
bsub	G_BSU34790	FN
bsub	G_BSU24270	TP
bsub	G_BSU15900	FN
bsub	G_BSU22490	TP
bsub	G_BSU30800	TP
bsub	G_BSU00680	FN
bsub	G_BSU04560	TP
bsub	G_BSU19360	FN
bsub	G_BSU37150	FN
bsub	G_BSU00460	TP
bsub	G_BSU03130	TP
bsub	G_BSU15680	TP
bsub	G_BSU36760	FN
bsub	G_BSU14580	FN
bsub	G_BSU22830	FN
bsub	G_BSU40550	FN
bsub	G_BSU29790	TP
bsub	G_BSU00090	FN
bsub	G_BSU17380	FN
bsub	G_BSU30790	TP
bsub	G_BSU22890	FN
bsub	G_BSU01780	TP
bsub	G_BSU16770	TP
bsub	G_BSU24340	FN
bsub	G_BSU16550	TP
bsub	G_BSU00500	TP
bsub	G_BSU11340	FN
bsub	G_BSU29200	FN
bsub	G_BSU33920	FN
bsub	G_BSU04570	TP
bsub	G_BSU00510	FN
bsub	G_BSU30550	TP
bsub	G_BSU15910	FN
bsub	G_BSU15200	TP
bsub	G_BSU31600	FN
bsub	G_BSU16750	TP
bsub	G_BSU15220	FN
bsub	G_BSU30270	TN
bsub	G_BSU39920	TN
bsub	G_BSU22670	TN
bsub	G_BSU06470	TN
bsub	G_BSU17600	TN
bsub	G_BSU00730	TN
bsub	G_BSU03910	TN
bsub	G_BSU30200	TN
bsub	G_BSU36650	TN
bsub	G_BSU31970	TN
bsub	G_BSU39720	TN
bsub	G_BSU32460	TN
bsub	G_BSU40420	TN
bsub	G_BSU27220	TN
bsub	G_BSU25420	TN
bsub	G_BSU22680	TN
bsub	G_BSU04000	TN
bsub	G_BSU00750	TN
bsub	G_BSU31322	TN
bsub	G_BSU28800	TN
bsub	G_BSU02750	TN
bsub	G_BSU38190	TN
bsub	G_BSU15860	TN
bsub	G_BSU01620	TN
bsub	G_BSU28150	TN
bsub	G_BSU30830	TN
bsub	G_BSU39780	TN
bsub	G_BSU24850	TN
bsub	G_BSU22630	TN
bsub	G_BSU35670	TN
bsub	G_BSU04340	TN
bsub	G_BSU14630	TN
bsub	G_BSU32470	TN
bsub	G_BSU24970	TN
bsub	G_BSU15590	TN
bsub	G_BSU28560	TN
bsub	G_BSU30740	TN
bsub	G_BSU28280	TN
bsub	G_BSU39360	TN
bsub	G_BSU12910	TN
bsub	G_BSU18220	TN
bsub	G_BSU12340	TN
bsub	G_BSU07800	TN
bsub	G_BSU38060	TN
bsub	G_BSU03270	TN
bsub	G_BSU23580	TN
bsub	G_BSU24060	TN
bsub	G_BSU29710	TN
bsub	G_BSU02230	TN
bsub	G_BSU17610	TN
bsub	G_BSU38050	TN
bsub	G_BSU25300	TN
bsub	G_BSU37660	TN
bsub	G_BSU38240	TN
bsub	G_BSU38170	TN
bsub	G_BSU03050	TN
bsub	G_BSU29130	TN
bsub	G_BSU29620	TN
bsub	G_BSU12950	TN
bsub	G_BSU17000	TN
bsub	G_BSU30540	TN
bsub	G_BSU33390	TN
bsub	G_BSU26590	TN
bsub	G_BSU15790	TN
bsub	G_BSU32410	TN
bsub	G_BSU38040	TN
bsub	G_BSU26700	TN
bsub	G_BSU33400	TN
bsub	G_BSU22960	TN
bsub	G_BSU24950	TN
bsub	G_BSU40060	TN
bsub	G_BSU22430	TN
bsub	G_BSU29020	TN
bsub	G_BSU23280	TN
bsub	G_BSU27070	TN
bsub	G_BSU30440	TN
bsub	G_BSU12360	TN
bsub	G_BSU23070	TN
bsub	G_BSU24030	TN
bsub	G_BSU15850	TN
bsub	G_BSU34880	TN
bsub	G_BSU30950	TN
bsub	G_BSU12020	TN
bsub	G_BSU23570	TN
bsub	G_BSU24980	TN
bsub	G_BSU08650	TN
bsub	G_BSU06450	TN
bsub	G_BSU27810	TN
bsub	G_BSU08070	TN
bsub	G_BSU28270	TN
bsub	G_BSU15510	TN
bsub	G_BSU29600	TN
bsub	G_BSU37260	TN
bsub	G_BSU38760	TN
bsub	G_BSU03950	TN
bsub	G_BSU28720	TN
bsub	G_BSU29010	TN
bsub	G_BSU08080	TN
bsub	G_BSU00780	TN
bsub	G_BSU28140	TN
bsub	G_BSU38830	TN
bsub	G_BSU06520	TN
bsub	G_BSU08860	TN
bsub	G_BSU35580	TN
bsub	G_BSU24050	TN
bsub	G_BSU39400	TN
bsub	G_BSU27860	FP
bsub	G_BSU31660	TN
bsub	G_BSU06160	TN
bsub	G_BSU40110	TN
bsub	G_BSU32490	TN
bsub	G_BSU24150	TN
bsub	G_BSU09530	TN
bsub	G_BSU06510	TN
bsub	G_BSU03300	TN
bsub	G_BSU39750	TN
bsub	G_BSU07570	TN
bsub	G_BSU21690	TN
bsub	G_BSU00760	TN
bsub	G_BSU34920	TN
bsub	G_BSU36710	TN
bsub	G_BSU24990	TN
bsub	G_BSU25500	TN
bsub	G_BSU06150	TN
bsub	G_BSU26690	TN
bsub	G_BSU08460	TN
bsub	G_BSU33940	TN
bsub	G_BSU32180	TN
bsub	G_BSU28430	TN
bsub	G_BSU08790	TN
bsub	G_BSU10120	TN
bsub	G_BSU11240	TN
bsub	G_BSU12930	TN
bsub	G_BSU28790	TN
bsub	G_BSU22690	TN
bsub	G_BSU33960	TN
bsub	G_BSU15570	TN
bsub	G_BSU00930	TN
bsub	G_BSU04360	TN
bsub	G_BSU16760	TN
bsub	G_BSU39060	TN
bsub	G_BSU15650	TN
bsub	G_BSU24170	TN
bsub	G_BSU14400	TN
bsub	G_BSU24090	TN
bsub	G_BSU34190	TN
bsub	G_BSU10870	TN
bsub	G_BSU39740	TN
bsub	G_BSU35010	TN
bsub	G_BSU15550	TN
bsub	G_BSU26970	TN
bsub	G_BSU26860	TN
bsub	G_BSU28440	TN
bsub	G_BSU17150	TN
bsub	G_BSU03790	TN
bsub	G_BSU28310	TN
bsub	G_BSU34890	TN
bsub	G_BSU23800	TN
bsub	G_BSU38860	TN
bsub	G_BSU30300	TN
bsub	G_BSU10140	TN
bsub	G_BSU30450	TN
bsub	G_BSU37270	TN
bsub	G_BSU30410	TN
bsub	G_BSU01610	TN
bsub	G_BSU36920	TN
bsub	G_BSU30290	TN
bsub	G_BSU12330	TN
bsub	G_BSU32260	TN
bsub	G_BSU18670	TN
bsub	G_BSU29690	TN
bsub	G_BSU29220	TN
bsub	G_BSU29470	TN
bsub	G_BSU39450	TN
bsub	G_BSU04030	TN
bsub	G_BSU25660	FP
bsub	G_BSU01630	TN
bsub	G_BSU19310	TN
bsub	G_BSU39260	TN
bsub	G_BSU18120	TN
bsub	G_BSU32000	TN
bsub	G_BSU06480	TN
bsub	G_BSU23560	TN
bsub	G_BSU39710	TN
bsub	G_BSU22660	TN
bsub	G_BSU24040	TN
bsub	G_BSU14600	TN
bsub	G_BSU24130	TN
bsub	G_BSU37500	TN
bsub	G_BSU22610	TN
bsub	G_BSU02140	TN
bsub	G_BSU12390	TN
bsub	G_BSU06420	TN
bsub	G_BSU19520	TN
bsub	G_BSU34660	TN
bsub	G_BSU37490	TN
bsub	G_BSU02760	TN
bsub	G_BSU37790	TN
bsub	G_BSU03320	TN
bsub	G_BSU30720	TN
bsub	G_BSU00790	TN
bsub	G_BSU15540	TN
bsub	G_BSU18260	TN
bsub	G_BSU06430	TN
bsub	G_BSU18410	TN
bsub	G_BSU08200	TN
bsub	G_BSU16670	FP
bsub	G_BSU12380	TN
bsub	G_BSU12960	TN
bsub	G_BSU01580	TN
bsub	G_BSU16510	TN
bsub	G_BSU22710	FP
bsub	G_BSU03290	TN
bsub	G_BSU09290	TN
bsub	G_BSU15490	TN
bsub	G_BSU30940	TN
bsub	G_BSU40070	TN
bsub	G_BSU09410	TN
bsub	G_BSU13910	TN
bsub	G_BSU31580	TN
bsub	G_BSU23850	TN
bsub	G_BSU32500	TN
bsub	G_BSU28170	TN
bsub	G_BSU07610	TN
bsub	G_BSU13890	TN
bsub	G_BSU38750	TN
bsub	G_BSU11230	TN
bsub	G_BSU27200	TN
bsub	G_BSU13170	TN
bsub	G_BSU22480	TN
bsub	G_BSU30530	TN
bsub	G_BSU02350	TN
bsub	G_BSU36010	TN
bsub	G_BSU01680	TN
bsub	G_BSU37280	TN
bsub	G_BSU30430	TN
bsub	G_BSU15520	TN
bsub	G_BSU37100	TN
bsub	G_BSU12940	TN
bsub	G_BSU22090	TN
bsub	G_BSU27040	TN
bsub	G_BSU22070	TN
bsub	G_BSU40190	TN
bsub	G_BSU30420	TN
bsub	G_BSU09680	TN
bsub	G_BSU22110	TN
bsub	G_BSU29050	TN
bsub	G_BSU32440	TN
bsub	G_BSU05900	TN
bsub	G_BSU37320	TN
bsub	G_BSU07920	FP
bsub	G_BSU18470	TN
bsub	G_BSU03280	TN
bsub	G_BSU11720	TN
bsub	G_BSU09440	TN
bsub	G_BSU27870	FP
bsub	G_BSU18830	TN
bsub	G_BSU26710	TN
bsub	G_BSU22640	TN
bsub	G_BSU03900	TN
bsub	G_BSU24160	TN
bsub	G_BSU22100	TN
bsub	G_BSU22700	FP
bsub	G_BSU30560	TN
bsub	G_BSU06970	TN
bsub	G_BSU15530	TN
bsub	G_BSU27610	TN
bsub	G_BSU18000	TN
bsub	G_BSU39370	TN
bsub	G_BSU15580	TN
bsub	G_BSU08450	TN
bsub	G_BSU00140	TN
bsub	G_BSU30710	TN
bsub	G_BSU06460	TN
bsub	G_BSU12160	TN
bsub	G_BSU03330	TN
bsub	G_BSU23760	TN
bsub	G_BSU33380	TN
bsub	G_BSU38150	TN
bsub	G_BSU39380	TN
bsub	G_BSU11330	TN
bsub	G_BSU23610	TN
bsub	G_BSU19370	TN
bsub	G_BSU23920	TN
bsub	G_BSU00740	TN
bsub	G_BSU04470	TN
bsub	G_BSU16990	TN
bsub	G_BSU30960	TN
bsub	G_BSU36120	TN
bsub	G_BSU40330	TN
bsub	G_BSU30770	TN
bsub	G_BSU08060	TN
bsub	G_BSU24140	TN
bsub	G_BSU32200	TN
bsub	G_BSU18570	TN
bsub	G_BSU08850	TN
bsub	G_BSU18480	TN
bsub	G_BSU12840	TN
bsub	G_BSU23500	TN
bsub	G_BSU03990	TN
bsub	G_BSU29680	TN
bsub	G_BSU38140	TN
bsub	G_BSU04740	TN
bsub	G_BSU07990	TN
bsub	G_BSU14860	TN
bsub	G_BSU32130	TN
bsub	G_BSU12300	TN
bsub	G_BSU09300	TN
bsub	G_BSU09840	TN
bsub	G_BSU32100	TN
bsub	G_BSU28120	TN
bsub	G_BSU00150	TN
bsub	G_BSU06530	TN
bsub	G_BSU31640	TN
bsub	G_BSU31990	TN
bsub	G_BSU27050	TN
bsub	G_BSU36640	TN
bsub	G_BSU23080	TN
bsub	G_BSU28130	TN
bsub	G_BSU38200	TN
bsub	G_BSU32480	TN
bsub	G_BSU38390	TN
bsub	G_BSU18210	TN
bsub	G_BSU13900	TN
bsub	G_BSU10790	TN
bsub	G_BSU07840	TN
bsub	G_BSU08000	TN
bsub	G_BSU17680	TN
bsub	G_BSU39860	TN
bsub	G_BSU13960	TN
bsub	G_BSU28260	TN
bsub	G_BSU32250	TN
bsub	G_BSU07700	TN
bsub	G_BSU02400	TN
bsub	G_BSU27010	TN
bsub	G_BSU38580	TN
bsub	G_BSU22730	FP
bsub	G_BSU00270	TN
bsub	G_BSU03150	FP
bsub	G_BSU27330	TN
bsub	G_BSU18250	TN
bsub	G_BSU36130	TN
bsub	G_BSU12010	TN
bsub	G_BSU17660	TN
bsub	G_BSU31350	TN
bsub	G_BSU15480	TN
bsub	G_BSU12920	TN
bsub	G_BSU19630	TN
bsub	G_BSU18450	TN
bsub	G_BSU40340	TN
bsub	G_BSU10520	TN
bsub	G_BSU28740	TN
bsub	G_BSU29180	TN
bsub	G_BSU37060	TN
bsub	G_BSU22600	FP
bsub	G_BSU28450	TN
bsub	G_BSU28470	TN
bsub	G_BSU30070	TN
bsub	G_BSU06500	TN
bsub	G_BSU03310	TN
bsub	G_BSU26650	TN
bsub	G_BSU19580	TN
bsub	G_BSU13130	TN
bsub	G_BSU28730	TN
bsub	G_BSU27850	FP
bsub	G_BSU10020	TN
bsub	G_BSU11650	TN
bsub	G_BSU21870	TN
bsub	G_BSU03981	TN
bsub	G_BSU31050	TN
bsub	G_BSU33240	TN
bsub	G_BSU30970	TN
bsub	G_BSU39270	TN
bsub	G_BSU15500	TN
bsub	G_BSU08710	TN
bsub	G_BSU22650	TN
bsub	G_BSU18230	TN
bsub	G_BSU26810	TN
bsub	G_BSU28750	TN
bsub	G_BSU14390	TN
bsub	G_BSU36890	TN
bsub	G_BSU29120	TN
bsub	G_BSU14590	TN
bsub	G_BSU24070	TN
bsub	G_BSU39760	TN
bsub	G_BSU03000	TN
bsub	G_BSU11640	TN
bsub	G_BSU13120	TN
bsub	G_BSU31980	TN
bsub	G_BSU06490	TN
bsub	G_BSU22060	TN
bsub	G_BSU03060	TN
bsub	G_BSU14520	TN
bsub	G_BSU36660	TN
bsub	G_BSU31060	TN
bsub	G_BSU08830	TN
bsub	G_BSU24960	TN
bsub	G_BSU37110	TN
bsub	G_BSU09850	TN
bsub	G_BSU39730	TN
bsub	G_BSU24740	TN
bsub	G_BSU30760	TN
bsub	G_BSU29140	TN
bsub	G_BSU06170	TN
bsub	G_BSU28250	TN
bsub	G_BSU08180	TN
bsub	G_BSU21820	TN
bsub	G_BSU06440	TN
bsub	G_BSU21900	TN
bsub	G_BSU30750	TN
bsub	G_BSU06660	TN
bsub	G_BSU17460	FP
bsub	G_BSU24080	TN
bsub	G_BSU04520	TN
bsub	G_BSU21770	TN
bsub	G_BSU06310	TN
bsub	G_BSU39390	TN
bsub	G_BSU15600	TN
bsub	G_BSU38160	TN
bsub	G_BSU08440	TN
bsub	G_BSU28080	TN
bsub	G_BSU32450	TN
bsub	G_BSU33370	TN
bsub	G_BSU36000	TN
bsub	G_BSU23770	TN
bsub	G_BSU38710	TN
bsub	G_BSU09280	TN
bsub	G_BSU29700	TN
bsub	G_BSU37170	TN
bsub	G_BSU32430	TN
bsub	G_BSU25580	TN
bsub	G_BSU31930	TN
bsub	G_BSU03040	TN
bsub	G_BSU39410	TN
bsub	G_BSU28290	TN
bsub	G_BSU06370	TN
bsub	G_BSU10360	TN
bsub	G_BSU28780	TN
bsub	G_BSU32510	TN
bsub	G_BSU10170	TN
bsub	G_BSU27060	TN
bsub	G_BSU02990	TN
bsub	G_BSU05740	TN
bsub	G_BSU39350	TN
bsub	G_BSU07810	TN
bsub	G_BSU22620	TN
bsub	G_BSU06360	TN
bsub	G_BSU08090	TN
bsub	G_BSU15560	TN
bsub	G_BSU14610	TN
bsub	G_BSU18540	TN
bsub	G_BSU08840	TN
ecol	G_b2234	FN
ecol	G_b3737	FN
ecol	G_b1092	FN
ecol	G_b0181	FN
ecol	G_b0073	TP
ecol	G_b2585	FN
ecol	G_b2153	TP
ecol	G_b2400	FN
ecol	G_b0524	FN
ecol	G_b2476	FN
ecol	G_b3730	TP
ecol	G_b3947	FN
ecol	G_b1662	TP
ecol	G_b1069	FN
ecol	G_b0420	TP
ecol	G_b0142	TP
ecol	G_b0088	TP
ecol	G_b0173	TP
ecol	G_b0954	FN
ecol	G_b0918	FN
ecol	G_b2024	TP
ecol	G_b1263	FN
ecol	G_b4245	TP
ecol	G_b3738	FN
ecol	G_b3729	TP
ecol	G_b0166	TP
ecol	G_b3967	TP
ecol	G_b2235	FN
ecol	G_b1062	FN
ecol	G_b2763	FN
ecol	G_b4262	FN
ecol	G_b1912	FN
ecol	G_b2574	TP
ecol	G_b1288	FN
ecol	G_b1262	TP
ecol	G_b3255	FN
ecol	G_b0414	TP
ecol	G_b1210	FN
ecol	G_b3941	FN
ecol	G_b0908	TP
ecol	G_b3870	FN
ecol	G_b2499	TP
ecol	G_b0886	FN
ecol	G_b2415	FN
ecol	G_b2312	TP
ecol	G_b4005	TP
ecol	G_b0002	FN
ecol	G_b4226	FN
ecol	G_b2508	FN
ecol	G_b3607	TP
ecol	G_b3648	TP
ecol	G_b2022	TP
ecol	G_b3412	FN
ecol	G_b1638	FN
ecol	G_b2764	FN
ecol	G_b2838	TP
ecol	G_b0386	TP
ecol	G_b2747	TP
ecol	G_b2559	FN
ecol	G_b2746	TP
ecol	G_b0133	TP
ecol	G_b2599	TP
ecol	G_b2416	FN
ecol	G_b0182	FN
ecol	G_b0071	FN
ecol	G_b3957	FN
ecol	G_b0914	FN
ecol	G_b3709	FN
ecol	G_b0031	TP
ecol	G_b3389	TP
ecol	G_b3368	FN
ecol	G_b3958	TP
ecol	G_b2780	TP
ecol	G_b1207	TP
ecol	G_b0003	FN
ecol	G_b0242	FN
ecol	G_b2530	FN
ecol	G_b2913	FN
ecol	G_b1264	FN
ecol	G_b0004	TP
ecol	G_b4041	FN
ecol	G_b1098	TP
ecol	G_b1215	FN
ecol	G_b2750	FN
ecol	G_b2020	TP
ecol	G_b2818	FN
ecol	G_b2019	TP
ecol	G_b0131	TP
ecol	G_b3189	TP
ecol	G_b3940	FN
ecol	G_b0090	TP
ecol	G_b0529	FN
ecol	G_b1277	TP
ecol	G_b3835	FN
ecol	G_b0134	TP
ecol	G_b3833	FN
ecol	G_b3256	FN
ecol	G_b2316	FN
ecol	G_b1740	TP
ecol	G_b3056	FN
ecol	G_b2026	TP
ecol	G_b0052	FN
ecol	G_b3200	FN
ecol	G_b0720	TP
ecol	G_b0087	TP
ecol	G_b0072	TP
ecol	G_b3771	FN
ecol	G_b3650	FN
ecol	G_b0033	FN
ecol	G_b3916	FN
ecol	G_b2564	TP
ecol	G_b0750	TP
ecol	G_b2926	FN
ecol	G_b0074	TP
ecol	G_b2563	FN
ecol	G_b3178	FN
ecol	G_b0369	FN
ecol	G_b2323	FN
ecol	G_b1136	TP
ecol	G_b2533	FN
ecol	G_b3939	TP
ecol	G_b3642	TP
ecol	G_b0907	TP
ecol	G_b1260	FN
ecol	G_b4160	FN
ecol	G_b1208	TP
ecol	G_b3176	TP
ecol	G_b1281	TP
ecol	G_b0243	FN
ecol	G_b2507	TP
ecol	G_b0684	FN
ecol	G_b0475	FN
ecol	G_b3850	FN
ecol	G_b3770	TP
ecol	G_b3187	TP
ecol	G_b4084	FN
ecol	G_b3829	FN
ecol	G_b0048	FN
ecol	G_b4013	TP
ecol	G_b4040	FN
ecol	G_b0174	TP
ecol	G_b2515	FN
ecol	G_b0025	TP
ecol	G_b0171	FN
ecol	G_b0185	FN
ecol	G_b3433	FN
ecol	G_b3639	TP
ecol	G_b2329	TP
ecol	G_b0945	TP
ecol	G_b2478	FN
ecol	G_b0523	TP
ecol	G_b0583	FN
ecol	G_b3634	TP
ecol	G_b0103	TP
ecol	G_b3201	FN
ecol	G_b4177	TP
ecol	G_b0635	FN
ecol	G_b3731	FN
ecol	G_b0522	TP
ecol	G_b1094	FN
ecol	G_b0408	FN
ecol	G_b0417	FN
ecol	G_b3281	FN
ecol	G_b3805	FN
ecol	G_b0775	FN
ecol	G_b0915	FN
ecol	G_b3959	TP
ecol	G_b0474	TP
ecol	G_b3199	FN
ecol	G_b2411	FN
ecol	G_b3793	FN
ecol	G_b0091	TP
ecol	G_b3772	FN
ecol	G_b0093	FN
ecol	G_b4388	FN
ecol	G_b0175	FN
ecol	G_b0421	TP
ecol	G_b3956	FN
ecol	G_b3774	TP
ecol	G_b0179	FN
ecol	G_b1093	FN
ecol	G_b3018	FN
ecol	G_b0084	FN
ecol	G_b1261	TP
ecol	G_b3972	TP
ecol	G_b2942	FN
ecol	G_b2021	TP
ecol	G_b0115	FN
ecol	G_b3608	FN
ecol	G_b1779	FN
ecol	G_b2762	FN
ecol	G_b2827	FN
ecol	G_b0096	FN
ecol	G_b0029	FN
ecol	G_b2320	TP
ecol	G_b3172	FN
ecol	G_b4006	TP
ecol	G_b0639	TP
ecol	G_b2615	TP
ecol	G_b0086	TP
ecol	G_b3463	FN
ecol	G_b0085	TP
ecol	G_b0733	FN
ecol	G_b0180	FN
ecol	G_b1131	TP
ecol	G_b2023	FN
ecol	G_b2751	FN
ecol	G_b2551	FN
ecol	G_b2025	TP
ecol	G_b2557	FN
ecol	G_b3633	FN
ecol	G_b2925	FN
ecol	G_b3960	FN
ecol	G_b3008	FN
ecol	G_b0116	FN
ecol	G_b0415	TP
ecol	G_b2779	FN
ecol	G_b4261	FN
ecol	G_b3623	FN
ecol	G_b3804	FN
ecol	G_b0154	FN
ecol	G_b3843	FN
ecol	G_b2315	TP
ecol	G_b2472	FN
ecol	G_b0109	TP
ecol	G_b0911	FN
ecol	G_b3041	TP
ecol	G_b0032	FN
ecol	G_b1812	FN
ecol	G_b0126	FN
ecol	G_b3640	FN
ecol	G_b3360	TP
ecol	G_b2600	TP
ecol	G_b3626	TN
ecol	G_b1012	TN
ecol	G_b3408	TN
ecol	G_b2128	TN
ecol	G_b2347	TN
ecol	G_b0038	TN
ecol	G_b2328	TN
ecol	G_b1246	TN
ecol	G_b3599	TN
ecol	G_b3785	TN
ecol	G_b1599	TN
ecol	G_b1800	TN
ecol	G_b4015	TN
ecol	G_b2844	TN
ecol	G_b2423	TN
ecol	G_b3748	TN
ecol	G_b2206	TN
ecol	G_b0350	TN
ecol	G_b3994	FP
ecol	G_b0404	TN
ecol	G_b1515	TN
ecol	G_b4240	TN
ecol	G_b3927	TN
ecol	G_b0934	TN
ecol	G_b1197	TN
ecol	G_b4544	TN
ecol	G_b1901	TN
ecol	G_b3455	TN
ecol	G_b0354	TN
ecol	G_b4358	TN
ecol	G_b0406	TN
ecol	G_b3657	TN
ecol	G_b0331	TN
ecol	G_b0782	TN
ecol	G_b2374	TN
ecol	G_b0260	TN
ecol	G_b3683	TN
ecol	G_b3654	TN
ecol	G_b1776	TN
ecol	G_b3003	TN
ecol	G_b0340	TN
ecol	G_b2155	TN
ecol	G_b2291	TN
ecol	G_b2912	TN
ecol	G_b1476	TN
ecol	G_b0688	TN
ecol	G_b0968	TN
ecol	G_b2276	TN
ecol	G_b1475	TN
ecol	G_b2872	TN
ecol	G_b3224	TN
ecol	G_b1611	TN
ecol	G_b1490	TN
ecol	G_b3006	TN
ecol	G_b2458	TN
ecol	G_b2386	TN
ecol	G_b2467	TN
ecol	G_b4214	FP
ecol	G_b3895	TN
ecol	G_b0212	TN
ecol	G_b1126	TN
ecol	G_b1511	TN
ecol	G_b4161	TN
ecol	G_b2935	TN
ecol	G_b0617	TN
ecol	G_b3399	TN
ecol	G_b2392	TN
ecol	G_b1489	TN
ecol	G_b3493	TN
ecol	G_b1856	TN
ecol	G_b3678	TN
ecol	G_b1628	TN
ecol	G_b0870	TN
ecol	G_b3430	TN
ecol	G_b3962	TN
ecol	G_b0040	TN
ecol	G_b4476	TN
ecol	G_b2243	TN
ecol	G_b0813	TN
ecol	G_b3253	TN
ecol	G_b2277	TN
ecol	G_b3437	TN
ecol	G_b0903	TN
ecol	G_b3693	TN
ecol	G_b1748	TN
ecol	G_b0498	TN
ecol	G_b0351	TN
ecol	G_b3127	TN
ecol	G_b2007	TN
ecol	G_b0768	TN
ecol	G_b2690	TN
ecol	G_b3671	TN
ecol	G_b1095	TN
ecol	G_b3996	TN
ecol	G_b2917	TN
ecol	G_b3137	TN
ecol	G_b1618	TN
ecol	G_b2134	TN
ecol	G_b1959	TN
ecol	G_b0349	TN
ecol	G_b4600	TN
ecol	G_b0521	TN
ecol	G_b0758	TN
ecol	G_b3900	TN
ecol	G_b4481	TN
ecol	G_b0935	TN
ecol	G_b0353	TN
ecol	G_b2197	TN
ecol	G_b0344	TN
ecol	G_b1319	TN
ecol	G_b3883	TN
ecol	G_b2257	TN
ecol	G_b1772	TN
ecol	G_b0112	TN
ecol	G_b1453	TN
ecol	G_b0820	TN
ecol	G_b4114	TN
ecol	G_b3739	TN
ecol	G_b2254	TN
ecol	G_b0933	TN
ecol	G_b0759	TN
ecol	G_b1316	TN
ecol	G_b3877	TN
ecol	G_b3812	TN
ecol	G_b4375	TN
ecol	G_b2903	TN
ecol	G_b2519	TN
ecol	G_b0150	TN
ecol	G_b1849	TN
ecol	G_b0323	TN
ecol	G_b3784	TN
ecol	G_b1468	TN
ecol	G_b4058	TN
ecol	G_b3502	TN
ecol	G_b1312	TN
ecol	G_b0262	TN
ecol	G_b2954	TN
ecol	G_b0622	TN
ecol	G_b3665	TN
ecol	G_b1727	TN
ecol	G_b0822	TN
ecol	G_b4034	TN
ecol	G_b0507	TN
ecol	G_b1443	TN
ecol	G_b2093	TN
ecol	G_b2168	TN
ecol	G_b0755	TN
ecol	G_b3449	TN
ecol	G_b0197	TN
ecol	G_b1973	TN
ecol	G_b1535	TN
ecol	G_b3089	TN
ecol	G_b3795	TN
ecol	G_b0766	TN
ecol	G_b3523	TN
ecol	G_b1097	TN
ecol	G_b2502	TN
ecol	G_b1190	TN
ecol	G_b2582	TN
ecol	G_b0726	TN
ecol	G_b4131	TN
ecol	G_b3035	TN
ecol	G_b2541	TN
ecol	G_b3508	TN
ecol	G_b4079	TN
ecol	G_b3583	TN
ecol	G_b2279	TN
ecol	G_b1745	TN
ecol	G_b3670	TN
ecol	G_b2200	TN
ecol	G_b2311	TN
ecol	G_b1539	TN
ecol	G_b2436	TN
ecol	G_b2523	TN
ecol	G_b2393	TN
ecol	G_b1415	FP
ecol	G_b1775	TN
ecol	G_b0383	TN
ecol	G_b0724	TN
ecol	G_b1854	TN
ecol	G_b2487	TN
ecol	G_b1723	TN
ecol	G_b2540	TN
ecol	G_b0875	TN
ecol	G_b4301	TN
ecol	G_b3541	TN
ecol	G_b2752	TN
ecol	G_b1851	TN
ecol	G_b3057	TN
ecol	G_b2301	TN
ecol	G_b4242	TN
ecol	G_b2733	TN
ecol	G_b2930	TN
ecol	G_b2676	TN
ecol	G_b1533	TN
ecol	G_b2161	TN
ecol	G_b4468	TN
ecol	G_b0879	TN
ecol	G_b2435	TN
ecol	G_b1612	TN
ecol	G_b0039	TN
ecol	G_b1624	TN
ecol	G_b3567	TN
ecol	G_b2797	TN
ecol	G_b4209	TN
ecol	G_b3486	TN
ecol	G_b0120	TN
ecol	G_b1474	TN
ecol	G_b3513	TN
ecol	G_b2129	TN
ecol	G_b2373	TN
ecol	G_b2149	TN
ecol	G_b0334	TN
ecol	G_b0452	TN
ecol	G_b0741	TN
ecol	G_b0729	TN
ecol	G_b2927	TN
ecol	G_b4072	TN
ecol	G_b4073	TN
ecol	G_b3469	TN
ecol	G_b2170	TN
ecol	G_b3990	TN
ecol	G_b2674	TN
ecol	G_b1053	TN
ecol	G_b0832	TN
ecol	G_b0067	TN
ecol	G_b2878	TN
ecol	G_b2237	TN
ecol	G_b0632	TN
ecol	G_b1695	TN
ecol	G_b1253	TN
ecol	G_b4268	TN
ecol	G_b4086	TN
ecol	G_b1390	TN
ecol	G_b0476	TN
ecol	G_b0860	TN
ecol	G_b2351	TN
ecol	G_b3543	TN
ecol	G_b1451	TN
ecol	G_b1107	TN
ecol	G_b3061	TN
ecol	G_b0584	TN
ecol	G_b0311	TN
ecol	G_b2660	TN
ecol	G_b0857	TN
ecol	G_b2253	TN
ecol	G_b2378	TN
ecol	G_b1670	TN
ecol	G_b2738	TN
ecol	G_b1006	TN
ecol	G_b2299	TN
ecol	G_b3727	TN
ecol	G_b1122	TN
ecol	G_b4297	TN
ecol	G_b2539	TN
ecol	G_b4122	TN
ecol	G_b3476	TN
ecol	G_b3416	TN
ecol	G_b3974	FP
ecol	G_b2453	TN
ecol	G_b1897	TN
ecol	G_b3929	TN
ecol	G_b2883	TN
ecol	G_b4513	TN
ecol	G_b3124	TN
ecol	G_b1767	TN
ecol	G_b4042	TN
ecol	G_b1774	TN
ecol	G_b1439	TN
ecol	G_b3882	TN
ecol	G_b2342	TN
ecol	G_b4582	TN
ecol	G_b0312	TN
ecol	G_b3197	TN
ecol	G_b2290	TN
ecol	G_b0936	TN
ecol	G_b2965	TN
ecol	G_b4097	TN
ecol	G_b3831	TN
ecol	G_b1243	TN
ecol	G_b1771	TN
ecol	G_b3182	TN
ecol	G_b3426	TN
ecol	G_b3605	TN
ecol	G_b2800	TN
ecol	G_b2429	TN
ecol	G_b2710	TN
ecol	G_b2554	TN
ecol	G_b4296	TN
ecol	G_b2550	TN
ecol	G_b3578	TN
ecol	G_b0781	TN
ecol	G_b0385	TN
ecol	G_b3528	TN
ecol	G_b1494	TN
ecol	G_b1982	TN
ecol	G_b3917	TN
ecol	G_b0325	TN
ecol	G_b3624	TN
ecol	G_b2518	TN
ecol	G_b4087	TN
ecol	G_b1119	TN
ecol	G_b3666	TN
ecol	G_b0238	TN
ecol	G_b3691	TN
ecol	G_b3475	TN
ecol	G_b3946	TN
ecol	G_b1276	TN
ecol	G_b2147	TN
ecol	G_b4382	TN
ecol	G_b2260	FP
ecol	G_b3822	TN
ecol	G_b2265	TN
ecol	G_b3992	TN
ecol	G_b0752	TN
ecol	G_b1623	TN
ecol	G_b3564	TN
ecol	G_b1310	TN
ecol	G_b3735	TN
ecol	G_b1250	TN
ecol	G_b2346	TN
ecol	G_b0789	TN
ecol	G_b1125	TN
ecol	G_b0608	TN
ecol	G_b3017	TN
ecol	G_b0121	TN
ecol	G_b1442	TN
ecol	G_b0159	TN
ecol	G_b1746	TN
ecol	G_b4466	TN
ecol	G_b1650	TN
ecol	G_b4053	TN
ecol	G_b3720	TN
ecol	G_b4130	TN
ecol	G_b0049	TN
ecol	G_b1380	TN
ecol	G_b4031	TN
ecol	G_b0152	TN
ecol	G_b3371	TN
ecol	G_b0451	TN
ecol	G_b3786	TN
ecol	G_b2905	TN
ecol	G_b4291	TN
ecol	G_b1203	TN
ecol	G_b1747	TN
ecol	G_b2098	TN
ecol	G_b3355	TN
ecol	G_b1485	TN
ecol	G_b1941	TN
ecol	G_b3198	TN
ecol	G_b2488	TN
ecol	G_b1393	TN
ecol	G_b3126	TN
ecol	G_b2902	TN
ecol	G_b4580	TN
ecol	G_b1927	TN
ecol	G_b1693	FP
ecol	G_b2406	TN
ecol	G_b2542	TN
ecol	G_b3617	TN
ecol	G_b0328	TN
ecol	G_b2164	TN
ecol	G_b3093	TN
ecol	G_b0737	TN
ecol	G_b2587	TN
ecol	G_b3352	TN
ecol	G_b2100	TN
ecol	G_b2705	TN
ecol	G_b1516	TN
ecol	G_b3899	TN
ecol	G_b2721	TN
ecol	G_b0308	TN
ecol	G_b3417	TN
ecol	G_b4153	TN
ecol	G_b2711	TN
ecol	G_b3496	TN
ecol	G_b3949	TN
ecol	G_b0826	TN
ecol	G_b3924	TN
ecol	G_b0068	TN
ecol	G_b3725	TN
ecol	G_b2708	TN
ecol	G_b4067	TN
ecol	G_b4323	TN
ecol	G_b1224	TN
ecol	G_b0153	TN
ecol	G_b3907	TN
ecol	G_b2761	TN
ecol	G_b2867	TN
ecol	G_b1993	TN
ecol	G_b4111	TN
ecol	G_b0756	TN
ecol	G_b0676	TN
ecol	G_b4462	TN
ecol	G_b3432	TN
ecol	G_b3225	TN
ecol	G_b0833	TN
ecol	G_b4266	TN
ecol	G_b0286	TN
ecol	G_b4219	TN
ecol	G_b2198	TN
ecol	G_b0652	TN
ecol	G_b1200	TN
ecol	G_b3734	TN
ecol	G_b3751	TN
ecol	G_b2049	TN
ecol	G_b0997	TN
ecol	G_b1801	TN
ecol	G_b2830	TN
ecol	G_b4295	TN
ecol	G_b2304	TN
ecol	G_b4117	TN
ecol	G_b4230	TN
ecol	G_b3779	TN
ecol	G_b1227	TN
ecol	G_b2996	TN
ecol	G_b3600	TN
ecol	G_b2258	TN
ecol	G_b1813	TN
ecol	G_b2789	TN
ecol	G_b0829	TN
ecol	G_b4129	TN
ecol	G_b1580	TN
ecol	G_b3403	TN
ecol	G_b1392	TN
ecol	G_b1106	TN
ecol	G_b1395	TN
ecol	G_b0599	TN
ecol	G_b4496	TN
ecol	G_b2788	TN
ecol	G_b1493	TN
ecol	G_b0600	TN
ecol	G_b0585	TN
ecol	G_b0839	TN
ecol	G_b3128	TN
ecol	G_b0400	TN
ecol	G_b0304	TN
ecol	G_b3993	FP
ecol	G_b0764	TN
ecol	G_b1444	TN
ecol	G_b1124	TN
ecol	G_b4070	TN
ecol	G_b1014	TN
ecol	G_b3222	TN
ecol	G_b1651	TN
ecol	G_b0651	TN
ecol	G_b0092	TN
ecol	G_b0809	TN
ecol	G_b3212	TN
ecol	G_b2875	TN
ecol	G_b3553	TN
ecol	G_b0062	TN
ecol	G_b3918	TN
ecol	G_b1064	TN
ecol	G_b3581	TN
ecol	G_b2730	TN
ecol	G_b3844	TN
ecol	G_b0019	TN
ecol	G_b1008	TN
ecol	G_b4304	TN
ecol	G_b0693	TN
ecol	G_b0356	TN
ecol	G_b2995	TN
ecol	G_b0783	TN
ecol	G_b3728	TN
ecol	G_b2934	TN
ecol	G_b0678	TN
ecol	G_b2278	TN
ecol	G_b2307	TN
ecol	G_b2281	TN
ecol	G_b3480	TN
ecol	G_b1729	TN
ecol	G_b2058	TN
ecol	G_b4267	TN
ecol	G_b0594	TN
ecol	G_b4194	TN
ecol	G_b0505	TN
ecol	G_b0199	TN
ecol	G_b4407	TN
ecol	G_b0367	TN
ecol	G_b1314	TN
ecol	G_b0765	TN
ecol	G_b4132	TN
ecol	G_b3893	TN
ecol	G_b3177	FP
ecol	G_b3667	TN
ecol	G_b4321	TN
ecol	G_b1391	TN
ecol	G_b3580	TN
ecol	G_b1363	TN
ecol	G_b1896	TN
ecol	G_b3034	TN
ecol	G_b4394	TN
ecol	G_b1317	TN
ecol	G_b2292	TN
ecol	G_b2166	TN
ecol	G_b2095	TN
ecol	G_b0887	TN
ecol	G_b3875	TN
ecol	G_b4020	TN
ecol	G_b0593	TN
ecol	G_b2256	TN
ecol	G_b4035	TN
ecol	G_b1297	TN
ecol	G_b3891	TN
ecol	G_b0902	TN
ecol	G_b2888	TN
ecol	G_b3029	TN
ecol	G_b2028	TN
ecol	G_b4207	TN
ecol	G_b1004	TN
ecol	G_b1244	TN
ecol	G_b2662	TN
ecol	G_b0655	TN
ecol	G_b1692	TN
ecol	G_b3803	TN
ecol	G_b3809	FP
ecol	G_b3473	TN
ecol	G_b4269	TN
ecol	G_b2500	TN
ecol	G_b4051	TN
ecol	G_b2366	TN
ecol	G_b3610	TN
ecol	G_b3117	TN
ecol	G_b3503	TN
ecol	G_b4169	TN
ecol	G_b2641	TN
ecol	G_b3621	TN
ecol	G_b2066	TN
ecol	G_b2687	TN
ecol	G_b1920	TN
ecol	G_b1786	TN
ecol	G_b1247	TN
ecol	G_b2817	TN
ecol	G_b2224	TN
ecol	G_b1193	TN
ecol	G_b0479	TN
ecol	G_b0856	TN
ecol	G_b1629	TN
ecol	G_b2702	TN
ecol	G_b3350	TN
ecol	G_b3415	TN
ecol	G_b3365	TN
ecol	G_b1773	TN
ecol	G_b0654	TN
ecol	G_b1329	TN
ecol	G_b2663	TN
ecol	G_b1805	TN
ecol	G_b3787	TN
ecol	G_b0784	TN
ecol	G_b3788	TN
ecol	G_b2802	TN
ecol	G_b0851	TN
ecol	G_b1757	TN
ecol	G_b4463	TN
ecol	G_b2538	TN
ecol	G_b0837	TN
ecol	G_b0827	TN
ecol	G_b1704	TN
ecol	G_b2293	TN
ecol	G_b0320	TN
ecol	G_b0576	TN
ecol	G_b4392	TN
ecol	G_b3577	TN
ecol	G_b2845	TN
ecol	G_b1465	TN
ecol	G_b3742	TN
ecol	G_b3781	TN
ecol	G_b1015	TN
ecol	G_b0478	TN
ecol	G_b1478	TN
ecol	G_b0144	TN
ecol	G_b0402	TN
ecol	G_b0388	TN
ecol	G_b1932	TN
ecol	G_b3747	TN
ecol	G_b3386	TN
ecol	G_b2132	TN
ecol	G_b1865	TN
ecol	G_b4196	TN
ecol	G_b2199	TN
ecol	G_b1166	TN
ecol	G_b0516	TN
ecol	G_b2464	TN
ecol	G_b1734	TN
ecol	G_b3370	TN
ecol	G_b2494	TN
ecol	G_b0590	TN
ecol	G_b1002	TN
ecol	G_b2498	TN
ecol	G_b3791	TN
ecol	G_b1484	TN
ecol	G_b3629	TN
ecol	G_b3429	TN
ecol	G_b0009	TN
ecol	G_b0149	TN
ecol	G_b3733	TN
ecol	G_b0339	TN
ecol	G_b0697	TN
ecol	G_b2889	TN
ecol	G_b2203	TN
ecol	G_b3032	TN
ecol	G_b0347	TN
ecol	G_b2834	TN
ecol	G_b3519	TN
ecol	G_b4478	TN
ecol	G_b0974	TN
ecol	G_b3328	TN
ecol	G_b0118	TN
ecol	G_b3115	TN
ecol	G_b2468	TN
ecol	G_b1010	TN
ecol	G_b0324	TN
ecol	G_b3266	TN
ecol	G_b0110	TN
ecol	G_b4085	TN
ecol	G_b1654	TN
ecol	G_b3892	TN
ecol	G_b4386	TN
ecol	G_b0751	TN
ecol	G_b2723	TN
ecol	G_b4467	TN
ecol	G_b2678	TN
ecol	G_b2679	TN
ecol	G_b1525	TN
ecol	G_b2104	TN
ecol	G_b0731	TN
ecol	G_b2220	TN
ecol	G_b2835	TN
ecol	G_b3980	TN
ecol	G_b3845	TN
ecol	G_b2976	TN
ecol	G_b1921	TN
ecol	G_b0337	TN
ecol	G_b1394	TN
ecol	G_b1054	TN
ecol	G_b0099	TN
ecol	G_b2099	TN
ecol	G_b0035	TN
ecol	G_b3750	TN
ecol	G_b0723	TN
ecol	G_b1636	TN
ecol	G_b3566	TN
ecol	G_b3951	TN
ecol	G_b1781	TN
ecol	G_b0862	TN
ecol	G_b0151	TN
ecol	G_b0429	TN
ecol	G_b0591	TN
ecol	G_b0978	TN
ecol	G_b0418	TN
ecol	G_b1744	TN
ecol	G_b2045	TN
ecol	G_b4311	TN
ecol	G_b4123	TN
ecol	G_b3149	TN
ecol	G_b4239	TN
ecol	G_b1521	TN
ecol	G_b3744	TN
ecol	G_b0823	TN
ecol	G_b0878	TN
ecol	G_b4071	TN
ecol	G_b0841	TN
ecol	G_b2526	TN
ecol	G_b4298	TN
ecol	G_b2904	TN
ecol	G_b0046	TN
ecol	G_b2736	TN
ecol	G_b2682	TN
ecol	G_b3568	TN
ecol	G_b3826	TN
ecol	G_b2042	TN
ecol	G_b2010	TN
ecol	G_b0901	TN
ecol	G_b2796	TN
ecol	G_b2455	TN
ecol	G_b3926	TN
ecol	G_b4065	TN
ecol	G_b0480	TN
ecol	G_b4289	TN
ecol	G_b1223	TN
ecol	G_b0268	TN
ecol	G_b2933	TN
ecol	G_b1270	TN
ecol	G_b0008	TN
ecol	G_b2868	TN
ecol	G_b2704	TN
ecol	G_b0222	TN
ecol	G_b4069	TN
ecol	G_b0486	TN
ecol	G_b0366	TN
ecol	G_b0931	TN
ecol	G_b2836	TN
ecol	G_b2240	TN
ecol	G_b4322	TN
ecol	G_b0863	TN
ecol	G_b2774	TN
ecol	G_b2781	TN
ecol	G_b1785	TN
ecol	G_b3428	TN
ecol	G_b0728	TN
ecol	G_b4279	TN
ecol	G_b0407	TN
ecol	G_b4374	TN
ecol	G_b3627	TN
ecol	G_b0394	TN
ecol	G_b1225	TN
ecol	G_b3114	TN
ecol	G_b4249	TN
ecol	G_b0114	TN
ecol	G_b2162	TN
ecol	G_b2920	TN
ecol	G_b1206	TN
ecol	G_b1622	TN
ecol	G_b4460	TN
ecol	G_b4490	TN
ecol	G_b3258	TN
ecol	G_b0612	TN
ecol	G_b2041	TN
ecol	G_b3073	TN
ecol	G_b0042	TN
ecol	G_b2784	TN
ecol	G_b1981	TN
ecol	G_b1803	TN
ecol	G_b4254	TN
ecol	G_b2497	TN
ecol	G_b3268	TN
ecol	G_b1919	TN
ecol	G_b3409	TN
ecol	G_b2167	TN
ecol	G_b0867	TN
ecol	G_b0805	TN
ecol	G_b2016	TN
ecol	G_b1792	TN
ecol	G_b2715	TN
ecol	G_b1216	TN
ecol	G_b2970	TN
ecol	G_b0873	TN
ecol	G_b2688	TN
ecol	G_b4033	TN
ecol	G_b0494	TN
ecol	G_b2441	TN
ecol	G_b2901	TN
ecol	G_b1483	TN
ecol	G_b1606	TN
ecol	G_b1702	TN
ecol	G_b0104	TN
ecol	G_b2060	TN
ecol	G_b3612	TN
ecol	G_b2787	TN
ecol	G_b3457	TN
ecol	G_b3790	TN
ecol	G_b4391	TN
ecol	G_b0508	TN
ecol	G_b2881	TN
ecol	G_b0928	TN
ecol	G_b2677	TN
ecol	G_b2495	TN
ecol	G_b4187	TN
ecol	G_b3546	TN
ecol	G_b3092	TN
ecol	G_b2079	TN
ecol	G_b0871	TN
ecol	G_b2938	TN
ecol	G_b0932	TN
ecol	G_b0125	TN
ecol	G_b0186	TN
ecol	G_b4477	TN
ecol	G_b4288	TN
ecol	G_b4260	TN
ecol	G_b2306	TN
ecol	G_b2283	TN
ecol	G_b3102	TN
ecol	G_b2204	TN
ecol	G_b2365	TN
ecol	G_b0834	TN
ecol	G_b0512	TN
ecol	G_b2148	TN
ecol	G_b0355	TN
ecol	G_b2703	TN
ecol	G_b0605	TN
ecol	G_b2744	TN
ecol	G_b4471	TN
ecol	G_b2097	TN
ecol	G_b1278	TN
ecol	G_b2246	TN
ecol	G_b1524	TN
ecol	G_b1387	TN
ecol	G_b3236	TN
ecol	G_b1517	TN
ecol	G_b2890	TN
ecol	G_b0621	TN
ecol	G_b2035	TN
ecol	G_b2407	TN
ecol	G_b4139	TN
ecol	G_b3038	TN
ecol	G_b2201	TN
ecol	G_b4231	TN
ecol	G_b1819	TN
ecol	G_b1473	TN
ecol	G_b3613	TN
ecol	G_b3821	TN
ecol	G_b3062	TN
ecol	G_b0469	TN
ecol	G_b0007	TN
ecol	G_b3479	TN
ecol	G_b1232	TN
ecol	G_b0066	TN
ecol	G_b2578	TN
ecol	G_b1759	TN
ecol	G_b2799	TN
ecol	G_b2675	TN
ecol	G_b3136	TN
ecol	G_b0430	TN
ecol	G_b4024	TN
ecol	G_b2038	TN
ecol	G_b0198	TN
ecol	G_b3040	TN
ecol	G_b1694	TN
ecol	G_b4565	TN
ecol	G_b2086	TN
ecol	G_b0754	TN
ecol	G_b2994	TN
ecol	G_b1236	TN
ecol	G_b2866	TN
ecol	G_b2997	TN
ecol	G_b2428	TN
ecol	G_b0449	TN
ecol	G_b3653	TN
ecol	G_b3132	TN
ecol	G_b0996	TN
ecol	G_b3679	TN
ecol	G_b1970	TN
ecol	G_b2101	TN
ecol	G_b2297	TN
ecol	G_b0368	TN
ecol	G_b2211	TN
ecol	G_b2221	TN
ecol	G_b4115	TN
ecol	G_b0061	TN
ecol	G_b2034	TN
ecol	G_b0477	TN
ecol	G_b0973	TN
ecol	G_b0333	TN
ecol	G_b2601	TN
ecol	G_b0734	TN
ecol	G_b3749	TN
ecol	G_b4337	TN
ecol	G_b3722	TN
ecol	G_b4367	TN
ecol	G_b0343	TN
ecol	G_b2264	FP
ecol	G_b2092	TN
ecol	G_b3769	TN
ecol	G_b0448	TN
ecol	G_b2425	TN
ecol	G_b3405	TN
ecol	G_b1621	TN
ecol	G_b0261	TN
ecol	G_b3656	TN
ecol	G_b2870	TN
ecol	G_b3081	TN
ecol	G_b3625	TN
ecol	G_b0307	TN
ecol	G_b1388	TN
ecol	G_b1007	TN
ecol	G_b0200	TN
ecol	G_b3265	TN
ecol	G_b0855	TN
ecol	G_b3005	TN
ecol	G_b2719	TN
ecol	G_b1302	TN
ecol	G_b3063	TN
ecol	G_b4032	TN
ecol	G_b3460	TN
ecol	G_b1449	TN
ecol	G_b0076	TN
ecol	G_b1768	TN
ecol	G_b2372	TN
ecol	G_b3632	TN
ecol	G_b0794	TN
ecol	G_b3447	TN
ecol	G_b0047	TN
ecol	G_b1338	TN
ecol	G_b0070	TN
ecol	G_b0381	TN
ecol	G_b0586	TN
ecol	G_spontaneous	FP
ecol	G_b0433	TN
ecol	G_b0614	TN
ecol	G_b1514	TN
ecol	G_b2103	FP
ecol	G_b0828	TN
ecol	G_b1386	TN
ecol	G_b1917	TN
ecol	G_b1761	TN
ecol	G_b2463	TN
ecol	G_b3196	TN
ecol	G_b1817	TN
ecol	G_b0824	TN
ecol	G_b2285	TN
ecol	G_b2963	TN
ecol	G_b0910	TN
ecol	G_b4356	TN
ecol	G_b2671	TN
ecol	G_b2309	TN
ecol	G_b0830	TN
ecol	G_b3206	TN
ecol	G_b3059	TN
ecol	G_b0606	TN
ecol	G_b4014	TN
ecol	G_b3997	TN
ecol	G_b2178	TN
ecol	G_b0623	TN
ecol	G_b0123	TN
ecol	G_b1291	TN
ecol	G_b0929	TN
ecol	G_b0077	TN
ecol	G_b0078	TN
ecol	G_b4265	TN
ecol	G_b3732	TN
ecol	G_b1886	TN
ecol	G_b1033	TN
ecol	G_b3909	TN
ecol	G_b1756	TN
ecol	G_b1091	TN
ecol	G_b4213	TN
ecol	G_b0957	TN
ecol	G_b1096	TN
ecol	G_b3454	TN
ecol	G_b3950	TN
ecol	G_b3290	TN
ecol	G_b3619	TN
ecol	G_b0306	TN
ecol	G_b3374	TN
ecol	G_b3718	TN
ecol	G_b2255	TN
ecol	G_b0160	TN
ecol	G_b4151	TN
ecol	G_b0679	TN
ecol	G_b3572	TN
ecol	G_b2222	TN
ecol	G_b2137	TN
ecol	G_b4485	TN
ecol	G_b2330	TN
ecol	G_b1710	TN
ecol	G_b2536	TN
ecol	G_b4259	TN
ecol	G_b4383	TN
ecol	G_b1046	TN
ecol	G_b2734	TN
ecol	G_b3824	TN
ecol	G_b3823	TN
ecol	G_b1838	TN
ecol	G_b4233	TN
ecol	G_b4390	TN
ecol	G_b0588	TN
ecol	G_b3952	TN
ecol	G_b3396	TN
ecol	G_b3902	TN
ecol	G_b0615	TN
ecol	G_b2282	TN
ecol	G_b0698	TN
ecol	G_b0762	TN
ecol	G_b2154	TN
ecol	G_b2841	TN
ecol	G_b2179	TN
ecol	G_b4474	TN
ecol	G_b3478	TN
ecol	G_b2605	TN
ecol	G_b1766	TN
ecol	G_b1285	TN
ecol	G_b1377	TN
ecol	G_b1818	TN
ecol	G_b2413	TN
ecol	G_b2288	TN
ecol	G_b0861	TN
ecol	G_b1018	TN
ecol	G_b1252	TN
ecol	G_b1315	TN
ecol	G_b2492	TN
ecol	G_b2979	TN
ecol	G_b1192	TN
ecol	G_b4238	TN
ecol	G_b2239	TN
ecol	G_b1028	TN
ecol	G_b2205	TN
ecol	G_b3075	TN
ecol	G_b0211	TN
ecol	G_b4106	TN
ecol	G_b1409	TN
ecol	G_b2947	TN
ecol	G_b0403	TN
ecol	G_b3195	TN
ecol	G_b3846	TN
ecol	G_b3792	TN
ecol	G_b4379	TN
ecol	G_b0696	TN
ecol	G_b1501	TN
ecol	G_b0314	TN
ecol	G_b0845	TN
ecol	G_b2414	TN
ecol	G_b2076	TN
ecol	G_b1378	TN
ecol	G_b0757	TN
ecol	G_b0285	TN
ecol	G_b3458	TN
ecol	G_b1410	TN
ecol	G_b0341	TN
ecol	G_b2722	TN
ecol	G_b1698	TN
ecol	G_b2096	TN
ecol	G_b3856	TN
ecol	G_b0771	TN
ecol	G_b3223	TN
ecol	G_b0336	TN
ecol	G_b4556	TN
ecol	G_b2310	TN
ecol	G_b4054	TN
ecol	G_b1466	TN
ecol	G_b1857	TN
ecol	G_b1009	TN
ecol	G_b3544	TN
ecol	G_b4290	TN
ecol	G_b0979	TN
ecol	G_b2895	TN
ecol	G_b3991	TN
ecol	G_b2937	TN
ecol	G_b0949	TN
ecol	G_b0080	TN
ecol	G_b4088	TN
ecol	G_b4328	TN
ecol	G_b1309	TN
ecol	G_b3376	TN
ecol	G_b3125	TN
ecol	G_b1385	TN
ecol	G_b0854	TN
ecol	G_b3945	TN
ecol	G_b0423	TN
ecol	G_b0937	TN
ecol	G_b2871	TN
ecol	G_b4197	TN
ecol	G_b2943	TN
ecol	G_b0849	TN
ecol	G_b2027	TN
ecol	G_b0760	TN
ecol	G_b4192	TN
ecol	G_b2880	TN
ecol	G_b2177	TN
ecol	G_b2131	TN
ecol	G_b2771	TN
ecol	G_b1627	TN
ecol	G_b3714	TN
ecol	G_b1687	TN
ecol	G_b0727	TN
ecol	G_b3526	TN
ecol	G_b0514	TN
ecol	G_b3431	TN
ecol	G_b2032	TN
ecol	G_b2251	TN
ecol	G_b1701	TN
ecol	G_b1226	TN
ecol	G_b0825	TN
ecol	G_b3208	TN
ecol	G_b2661	TN
ecol	G_b3001	TN
ecol	G_b4227	TN
ecol	G_b1613	TN
ecol	G_b1676	TN
ecol	G_b4232	TN
ecol	G_b4077	TN
ecol	G_b3915	TN
ecol	G_b1191	TN
ecol	G_b1814	TN
ecol	G_b3904	TN
ecol	G_b1325	TN
ecol	G_b1101	TN
ecol	G_b0063	TN
ecol	G_b0221	TN
ecol	G_b2914	TN
ecol	G_b2395	TN
ecol	G_b3390	TN
ecol	G_b1472	TN
ecol	G_b2548	TN
ecol	G_b3012	TN
ecol	G_b3011	TN
ecol	G_b1469	TN
ecol	G_b0237	TN
ecol	G_b2426	TN
ecol	G_b1467	TN
ecol	G_b3588	TN
ecol	G_b3547	TN
ecol	G_b1198	TN
ecol	G_b0674	TN
ecol	G_b1238	TN
ecol	G_b2501	TN
ecol	G_b1855	TN
ecol	G_b1241	TN
ecol	G_b2440	TN
ecol	G_b2898	TN
ecol	G_b1341	TN
ecol	G_b1872	TN
ecol	G_b4488	TN
ecol	G_b0831	TN
ecol	G_b3622	TN
ecol	G_b4055	TN
ecol	G_b1294	TN
ecol	G_b0770	TN
ecol	G_b4167	TN
ecol	G_b4120	TN
ecol	G_b0800	TN
ecol	G_b2180	TN
ecol	G_b2341	TN
ecol	G_b0842	TN
ecol	G_b1134	TN
ecol	G_b0463	TN
ecol	G_b3857	TN
ecol	G_b4193	TN
ecol	G_b0124	TN
ecol	G_b2169	TN
ecol	G_b3789	TN
ecol	G_b3269	TN
ecol	G_b2923	TN
ecol	G_b0980	TN
ecol	G_b1300	TN
ecol	G_b3726	TN
ecol	G_b0736	TN
ecol	G_b3058	FP
ecol	G_b0650	TN
ecol	G_b2029	TN
ecol	G_b1492	TN
ecol	G_b0462	TN
ecol	G_b4154	TN
ecol	G_b2202	TN
ecol	G_b4237	TN
ecol	G_b1186	TN
ecol	G_b4119	TN
ecol	G_b2039	TN
ecol	G_b0511	TN
ecol	G_b1123	TN
ecol	G_b2215	TN
ecol	G_b3571	TN
ecol	G_b2701	TN
ecol	G_b3542	TN
ecol	G_b0241	TN
ecol	G_b4090	TN
ecol	G_b0947	TN
ecol	G_b1873	TN
ecol	G_b2583	TN
ecol	G_b0352	TN
ecol	G_b2579	TN
ecol	G_b0425	TN
ecol	G_b4198	TN
ecol	G_b0273	TN
ecol	G_b0897	TN
ecol	G_b3397	TN
ecol	G_b0709	TN
ecol	G_b0972	TN
ecol	G_b1398	TN
ecol	G_b1603	TN
ecol	G_b1440	TN
ecol	G_b1859	TN
ecol	G_b1301	TN
ecol	G_b3116	TN
ecol	G_b2296	TN
ecol	G_b2803	TN
ecol	G_b0692	TN
ecol	G_b3453	TN
ecol	G_b0810	TN
ecol	G_b2040	TN
ecol	G_b3794	TN
ecol	G_b3630	TN
ecol	G_b0485	TN
ecol	G_b2156	TN
ecol	G_b3664	TN
ecol	G_b1632	TN
ecol	G_b2150	TN
ecol	G_b2672	TN
ecol	G_b1189	TN
ecol	G_b2418	TN
ecol	G_b3477	TN
ecol	G_b3589	TN
ecol	G_b2051	TN
ecol	G_b3271	TN
ecol	G_b2422	TN
ecol	G_b3270	TN
ecol	G_b1180	TN
ecol	G_b1019	TN
ecol	G_b1389	TN
ecol	G_b4381	TN
ecol	G_b3531	TN
ecol	G_b3552	TN
ecol	G_b2048	TN
ecol	G_b4287	TN
ecol	G_b1592	TN
ecol	G_b1736	TN
ecol	G_b3628	TN
ecol	G_b2882	TN
ecol	G_b0424	TN
ecol	G_b4019	TN
ecol	G_b2683	TN
ecol	G_b2308	TN
ecol	G_b1956	TN
ecol	G_b2223	TN
ecol	G_b1673	TN
ecol	G_b4384	TN
ecol	G_b1486	TN
ecol	G_b2552	TN
ecol	G_b0785	TN
ecol	G_b2801	TN
ecol	G_b2133	TN
ecol	G_b4244	TN
ecol	G_b2724	TN
ecol	G_b2975	TN
ecol	G_b2480	TN
ecol	G_b1479	TN
ecol	G_b2546	TN
ecol	G_b0864	TN
ecol	G_b0401	TN
ecol	G_b4036	TN
ecol	G_b3213	TN
ecol	G_b1907	TN
ecol	G_b2263	TN
ecol	G_b3052	TN
ecol	G_b0207	TN
ecol	G_b2465	TN
ecol	G_b0411	TN
ecol	G_b2344	TN
ecol	G_b3721	TN
ecol	G_b1522	TN
ecol	G_b3715	TN
ecol	G_b2286	TN
ecol	G_b0888	TN
ecol	G_b3385	TN
ecol	G_b4138	TN
ecol	G_b1199	TN
ecol	G_b2160	TN
ecol	G_b1488	TN
ecol	G_b2130	TN
ecol	G_b2172	TN
ecol	G_b2452	TN
ecol	G_b1245	TN
ecol	G_b0589	TN
ecol	G_b2813	TN
ecol	G_b4195	TN
ecol	G_b3894	TN
ecol	G_b2389	TN
ecol	G_b2287	TN
ecol	G_b3752	TN
ecol	G_b1778	TN
ecol	G_b0335	TN
ecol	G_b2174	TN
ecol	G_b2421	TN
ecol	G_b4061	TN
ecol	G_b1755	TN
ecol	G_b2143	TN
ecol	G_b2964	TN
ecol	G_b1640	TN
ecol	G_b0041	TN
ecol	G_b3849	TN
ecol	G_b3903	TN
ecol	G_b3616	TN
ecol	G_b0036	TN
ecol	G_b2417	TN
ecol	G_b1542	TN
ecol	G_b2280	TN
ecol	G_b2242	TN
ecol	G_b1657	TN
ecol	G_b2245	TN
ecol	G_b2388	TN
ecol	G_b2886	TN
ecol	G_b2720	TN
ecol	G_b3153	TN
ecol	G_b1487	TN
ecol	G_b3359	FP
ecol	G_b3326	TN
ecol	G_b3450	TN
ecol	G_b0446	TN
ecol	G_b1528	TN
ecol	G_b2094	TN
ecol	G_b3620	TN
ecol	G_b1298	TN
ecol	G_b1798	TN
ecol	G_b2919	TN
ecol	G_b3076	TN
ecol	G_b2037	TN
ecol	G_b2210	TN
ecol	G_b2065	TN
ecol	G_b3565	TN
ecol	G_b2716	TN
ecol	G_b0509	TN
ecol	G_b1290	TN
ecol	G_b3825	TN
ecol	G_b3161	TN
ecol	G_b2470	TN
ecol	G_b1090	TN
ecol	G_b2812	TN
ecol	G_b0767	TN
ecol	G_b3806	TN
ecol	G_b0732	TN
ecol	G_b1852	TN
ecol	G_b4089	TN
ecol	G_b3367	TN
ecol	G_b2987	TN
ecol	G_b3380	TN
ecol	G_b3930	FP
ecol	G_b3366	TN
ecol	G_b0677	TN
ecol	G_b1631	TN
ecol	G_b1011	TN
ecol	G_b3091	TN
ecol	G_b1605	TN
ecol	G_b1850	TN
ecol	G_b0432	TN
ecol	G_b1397	TN
ecol	G_b2261	FP
ecol	G_b2033	TN
ecol	G_b0595	TN
ecol	G_b0045	TN
ecol	G_b0155	TN
ecol	G_b3514	TN
ecol	G_b0348	TN
ecol	G_b2319	TN
ecol	G_b1900	TN
ecol	G_b0219	TN
ecol	G_b0904	TN
ecol	G_b0722	TN
ecol	G_b2558	TN
ecol	G_b1630	TN
ecol	G_b1602	TN
ecol	G_b0490	TN
ecol	G_b4493	TN
ecol	G_b3925	TN
ecol	G_b2673	TN
ecol	G_b2036	TN
ecol	G_b2776	TN
ecol	G_b3500	TN
ecol	G_b1600	TN
ecol	G_b3452	TN
ecol	G_b4152	TN
ecol	G_b3451	TN
ecol	G_b0675	TN
ecol	G_b2284	TN
ecol	G_b0763	TN
ecol	G_b1619	TN
ecol	G_b0616	TN
ecol	G_b2091	TN
ecol	G_b2241	TN
ecol	G_b4025	TN
ecol	G_b1296	TN
ecol	G_b0653	TN
ecol	G_b3708	TN
ecol	G_b3603	TN
ecol	G_b4208	TN
ecol	G_b0431	TN
ecol	G_b0844	TN
ecol	G_b3529	TN
ecol	G_b0030	TN
ecol	G_b4096	TN
ecol	G_b1311	TN
ecol	G_b2765	TN
ecol	G_b2379	TN
ecol	G_b2957	TN
ecol	G_b3631	TN
ecol	G_b4039	TN
ecol	G_b1249	TN
ecol	G_b3713	TN
ecol	G_b0963	TN
ecol	G_b4016	FP
ecol	G_b1634	TN
ecol	G_b1109	TN
ecol	G_b3518	TN
ecol	G_b4395	TN
ecol	G_b3551	TN
ecol	G_b2262	TN
ecol	G_b1326	TN
ecol	G_b2988	TN
ecol	G_b3816	TN
ecol	G_b3919	TN
ecol	G_b2146	TN
ecol	G_b3028	TN
ecol	G_b4141	TN
ecol	G_b0721	TN
ecol	G_b0811	TN
ecol	G_b3579	TN
ecol	G_b3517	TN
ecol	G_b4340	TN
ecol	G_b3736	TN
ecol	G_b3020	TN
ecol	G_b1441	TN
ecol	G_b0596	TN
ecol	G_b2670	TN
ecol	G_b0592	TN
ecol	G_b0365	TN
ecol	G_b3540	TN
ecol	G_b2061	TN
ecol	G_b2424	TN
ecol	G_b1513	TN
ecol	G_b2874	TN
ecol	G_b1858	TN
ecol	G_b0492	TN
ecol	G_b0927	TN
ecol	G_b3456	TN
ecol	G_b1594	TN
ecol	G_b1918	TN
ecol	G_b1308	TN
mgen	G_MG089	FN
mgen	G_MG124	TP
mgen	G_MG079	FN
mgen	G_MG069	FN
mgen	G_MG102	FN
mgen	G_MG043	FN
mgen	G_MG085	FN
mgen	G_MG179	FN
mgen	G_MG023	FN
mgen	G_MG053	FN
mgen	G_MG434	FN
mgen	G_MG383	FN
mgen	G_MG041	FN
mgen	G_MG323	TP
mgen	G_MG382	TP
mgen	G_MG407	FN
mgen	G_MG107	TP
mgen	G_MG030	FN
mgen	G_MG357	FN
mgen	G_MG071	TP
mgen	G_MG188	FN
mgen	G_MG448	FN
mgen	G_MG006	TP
mgen	G_MG229	FN
mgen	G_MG128	TP
mgen	G_MG278	FN
mgen	G_MG451	FN
mgen	G_MG047	TP
mgen	G_MG273	FN
mgen	G_MG275	FN
mgen	G_MG368	FN
mgen	G_MG171	TP
mgen	G_MG044	FN
mgen	G_MG228	TP
mgen	G_MG034	FN
mgen	G_MG299	FN
mgen	G_MG272	FN
mgen	G_MG429	FN
mgen	G_MG274	FN
mgen	G_MG118	FN
mgen	G_MG145	TP
mgen	G_MG077	FN
mgen	G_MG240	FN
mgen	G_MG322	FN
mgen	G_MG038	FN
mgen	G_MG301	FN
mgen	G_MG276	TP
mgen	G_MG453	FN
mgen	G_MG526	TP
mgen	G_MG050	FN
mgen	G_MG190	FN
mgen	G_MG391	TP
mgen	G_MG394	TP
mgen	G_MG111	FN
mgen	G_MG080	TP
mgen	G_MG189	FN
mgen	G_MG401	FN
mgen	G_MG247	FN
mgen	G_MG052	TP
mgen	G_MG058	TP
mgen	G_MG212	TP
mgen	G_MG230	FN
mgen	G_MG305	FN
mgen	G_MG457	FN
mgen	G_MG458	FN
mgen	G_MG187	FN
mgen	G_MG215	FN
mgen	G_MG216	FN
mgen	G_MG421	TP
mgen	G_MG065	FN
mgen	G_MG180	FN
mgen	G_MG351	TP
mgen	G_MG049	TP
mgen	G_MG231	FN
mgen	G_MG181	FN
mgen	G_MG245	FN
mgen	G_MG013	TP
mgen	G_MG119	FN
mgen	G_MG330	TP
mgen	G_MG265	FN
mgen	G_MG430	FN
mgen	G_MG442	FN
mgen	G_MG254	FN
mgen	G_MG300	FN
mgen	G_MG015	TP
mgen	G_MG042	FN
mgen	G_MG396	FN
mgen	G_MG037	FN
mgen	G_MG399	FN
mgen	G_MG125	FN
mgen	G_MG372	TP
mgen	G_MG431	FN
mgen	G_MG290	FP
mgen	G_MG051	FP
mgen	G_MG390	TN
mgen	G_MG293	TN
mgen	G_MG033	TN
mgen	G_MG227	TN
mgen	G_MG110	TN
mgen	G_MG024	TN
mgen	G_MG460	TN
mgen	G_MG411	TN
mgen	G_MG063	TN
mgen	G_MG408	TN
mgen	G_MG437	TN
mgen	G_MG271	FP
mgen	G_MG062	TN
mgen	G_MG385	TN
mgen	G_MG066	TN
mgen	G_MG112	TN
mgen	G_MG039	TN
mgen	G_MG410	TN
paer	G_PA1055	FN
paer	G_PA4916	FN
paer	G_PA1685	FN
paer	G_PA3818	FN
paer	G_PA5162	FN
paer	G_PA1013	TP
paer	G_PA4457	FN
paer	G_PA0005	FN
paer	G_PA4952	FN
paer	G_PA4749	TP
paer	G_PA0904	TP
paer	G_PA4669	TP
paer	G_PA4461	FN
paer	G_PA4696	FN
paer	G_PA1058	FN
paer	G_PA0393	FN
paer	G_PA4430	FN
paer	G_PA3151	FN
paer	G_PA3803	FN
paer	G_PA0330	FN
paer	G_PA4406	FN
paer	G_PA1589	FN
paer	G_PA4007	FN
paer	G_PA0609	FN
paer	G_PA0500	FN
paer	G_PA3636	FN
paer	G_PA5141	TP
paer	G_PA1586	FN
paer	G_PA3769	FN
paer	G_PA4730	TP
paer	G_PA0773	FN
paer	G_PA4055	TP
paer	G_PA5277	TP
paer	G_PA0650	FN
paer	G_PA1614	FN
paer	G_PA2967	FN
paer	G_PA4414	TP
paer	G_PA5553	FN
paer	G_PA3167	TP
paer	G_PA4416	TP
paer	G_PA3828	FN
paer	G_PA3001	FN
paer	G_PA4756	FN
paer	G_PA1529	FN
paer	G_PA0353	FN
paer	G_PA4920	FN
paer	G_PA3763	FN
paer	G_PA3005	FN
paer	G_PA5555	FN
paer	G_PA4960	FN
paer	G_PA4411	TP
paer	G_PA0651	TP
paer	G_PA0407	FN
paer	G_PA5338	FN
paer	G_PA4761	FN
paer	G_PA5192	FN
paer	G_PA4056	FN
paer	G_PA2645	FN
paer	G_PA3152	FN
paer	G_PA5243	FN
paer	G_PA1183	FN
paer	G_PA5204	FN
paer	G_PA3651	FN
paer	G_PA4562	FN
paer	G_PA0430	FN
paer	G_PA3134	FN
paer	G_PA2965	FN
paer	G_PA1375	TP
paer	G_PA4602	FN
paer	G_PA4991	FN
paer	G_PA0363	TP
paer	G_PA5034	FN
paer	G_PA3686	FN
paer	G_PA4447	FN
paer	G_PA4529	TP
paer	G_PA4425	FN
paer	G_PA3166	TP
paer	G_PA4848	FN
paer	G_PA4043	TP
paer	G_PA1476	FN
paer	G_PA0390	FN
paer	G_PA2963	FN
paer	G_PA2876	TP
paer	G_PA4019	TP
paer	G_PA5556	FN
paer	G_PA3639	FN
paer	G_PA4855	TP
paer	G_PA4938	TP
paer	G_PA4053	TP
paer	G_PA1004	TP
paer	G_PA4666	FN
paer	G_PA3637	FN
paer	G_PA3977	FN
paer	G_PA4640	FN
paer	G_PA0548	TP
paer	G_PA2988	FN
paer	G_PA5009	FN
paer	G_PA5131	FN
paer	G_PA4125	FN
paer	G_PA1165	FN
paer	G_PA2964	FN
paer	G_PA4663	FN
paer	G_PA1477	FN
paer	G_PA3736	TP
paer	G_PA4748	TP
paer	G_PA4847	FN
paer	G_PA1796	FN
paer	G_PA4314	FN
paer	G_PA5358	FN
paer	G_PA4409	FN
paer	G_PA3827	FN
paer	G_PA3163	TP
paer	G_PA3162	FN
paer	G_PA3118	TP
paer	G_PA5260	FN
paer	G_PA4655	FN
paer	G_PA5331	TP
paer	G_PA4429	FN
paer	G_PA1610	FN
paer	G_PA4044	TP
paer	G_PA4415	TP
paer	G_PA5554	FN
paer	G_PA0006	TP
paer	G_PA1588	FN
paer	G_PA4068	FN
paer	G_PA2962	TP
paer	G_PA3652	TP
paer	G_PA4418	FN
paer	G_PA4751	FN
paer	G_PA4561	TP
paer	G_PA4997	FN
paer	G_PA4670	TP
paer	G_PA0502	FN
paer	G_PA3813	FN
paer	G_PA3537	FN
paer	G_PA4846	FN
paer	G_PA1609	FN
paer	G_PA3107	FN
paer	G_PA1475	FN
paer	G_PA1059	FN
paer	G_PA0649	FN
paer	G_PA4449	TP
paer	G_PA4758	FN
paer	G_PA2981	FN
paer	G_PA4728	FN
paer	G_PA2966	FN
paer	G_PA5531	FN
paer	G_PA1057	FN
paer	G_PA1587	FN
paer	G_PA3194	FN
paer	G_PA4051	FN
paer	G_PA4524	TP
paer	G_PA4569	TP
paer	G_PA4003	FN
paer	G_PA3627	TP
paer	G_PA4448	TP
paer	G_PA1585	FN
paer	G_PA3182	FN
paer	G_PA3117	FN
paer	G_PA4280	FN
paer	G_PA4664	FN
paer	G_PA0551	TP
paer	G_PA5203	FN
paer	G_PA5198	FN
paer	G_PA1674	FN
paer	G_PA0970	FN
paer	G_PA3644	FN
paer	G_PA5278	TP
paer	G_PA4729	FN
paer	G_PA5275	FN
paer	G_PA5320	TP
paer	G_PA4279	TP
paer	G_PA4412	TP
paer	G_PA3650	TP
paer	G_PA1787	FN
paer	G_PA3976	TP
paer	G_PA5323	TP
paer	G_PA0969	FN
paer	G_PA5164	FN
paer	G_PA3645	FN
paer	G_PA4031	TP
paer	G_PA5011	FN
paer	G_PA3812	FN
paer	G_PA0661	FN
paer	G_PA2629	FN
paer	G_PA0662	TP
paer	G_PA4969	FN
paer	G_PA0316	FN
paer	G_PA3120	TP
paer	G_PA3112	FN
paer	G_PA0024	FN
paer	G_PA3121	TP
paer	G_PA1681	TP
paer	G_PA5559	FN
paer	G_PA5010	FN
paer	G_PA5557	FN
paer	G_PA4957	FN
paer	G_PA5039	TP
paer	G_PA3088	TP
paer	G_PA3527	FN
paer	G_PA5240	FN
paer	G_PA4854	TP
paer	G_PA5067	TP
paer	G_PA5237	FN
paer	G_PA3770	FN
paer	G_PA3654	FN
paer	G_PA3111	TP
paer	G_PA3767	FN
paer	G_PA4988	FN
paer	G_PA0593	FN
paer	G_PA1581	FN
paer	G_PA3997	FN
paer	G_PA3156	FN
paer	G_PA4223	FN
paer	G_PA4450	TP
paer	G_PA3480	FN
paer	G_PA3643	FN
paer	G_PA4417	TP
paer	G_PA5015	FN
paer	G_PA3139	FN
paer	G_PA4557	FN
paer	G_PA4695	FN
paer	G_PA4759	TP
paer	G_PA3832	FN
paer	G_PA3050	TP
paer	G_PA3807	TP
paer	G_PA4750	TP
paer	G_PA1756	FN
paer	G_PA4693	FN
paer	G_PA3481	FN
paer	G_PA1156	FN
paer	G_PA5560	FN
paer	G_PA5140	FN
paer	G_PA4460	FN
paer	G_PA5163	FN
paer	G_PA0432	FN
paer	G_PA0401	FN
paer	G_PA0025	FN
paer	G_PA3821	FN
paer	G_PA5065	FN
paer	G_PA5425	TP
paer	G_PA5174	FN
paer	G_PA5321	FN
paer	G_PA3159	FN
paer	G_PA0073	FN
paer	G_PA0607	TP
paer	G_PA2977	TP
paer	G_PA5063	FN
paer	G_PA1580	FN
paer	G_PA1056	FN
paer	G_PA4732	FN
paer	G_PA4292	FN
paer	G_PA5110	TP
paer	G_PA1792	FN
paer	G_PA1582	FN
paer	G_PA3013	FN
paer	G_PA0350	FN
paer	G_PA1584	FN
paer	G_PA0381	TP
paer	G_PA1583	FN
paer	G_PA3646	FN
paer	G_PA1162	TP
paer	G_PA0035	TP
paer	G_PA5259	FN
paer	G_PA1010	FN
paer	G_PA3735	TP
paer	G_PA1054	FN
paer	G_PA2991	FN
paer	G_PA0402	TP
paer	G_PA2979	FN
paer	G_PA3635	FN
paer	G_PA5016	FN
paer	G_PA5552	FN
paer	G_PA4333	FN
paer	G_PA3148	FN
paer	G_PA4996	FN
paer	G_PA4410	FN
paer	G_PA3666	TP
paer	G_PA5161	FN
paer	G_PA0555	TP
paer	G_PA1155	FN
paer	G_PA3822	FN
paer	G_PA5322	FN
paer	G_PA0342	FN
paer	G_PA3814	TP
paer	G_PA5558	FN
paer	G_PA0759	FN
paer	G_PA5119	FN
paer	G_PA5549	FN
paer	G_PA5561	FN
paer	G_PA1838	FN
paer	G_PA3108	TP
paer	G_PA1549	FN
paer	G_PA5038	TP
paer	G_PA3397	FN
paer	G_PA5336	TP
paer	G_PA2584	FN
paer	G_PA0552	TP
paer	G_PA1376	FP
paer	G_PA0397	TN
paer	G_PA4865	TN
paer	G_PA4868	TN
paer	G_PA0030	TN
paer	G_PA4861	TN
paer	G_PA1173	TN
paer	G_PA3406	TN
paer	G_PA3190	TN
paer	G_PA4389	TN
paer	G_PA0223	TN
paer	G_PA1113	TN
paer	G_PA5047	TN
paer	G_PA4812	TN
paer	G_PA0866	TN
paer	G_PA5355	TN
paer	G_PA2164	TN
paer	G_PA4151	TN
paer	G_PA1783	TN
paer	G_PA3362	TN
paer	G_PA1217	TN
paer	G_PA5092	TN
paer	G_PA0597	TN
paer	G_PA0860	TN
paer	G_PA2641	TN
paer	G_PA5075	TN
paer	G_PA1552	TN
paer	G_PA2926	TN
paer	G_PA2074	TN
paer	G_PA5429	TN
paer	G_PA4888	TN
paer	G_PA3455	TN
paer	G_PA0746	TN
paer	G_PA3838	TN
paer	G_PA0102	TN
paer	G_PA5415	TN
paer	G_PA2060	TN
paer	G_PA2261	TN
paer	G_PA2513	TN
paer	G_PA4506	TN
paer	G_PA3590	TN
paer	G_PA1556	TN
paer	G_PA5411	TN
paer	G_PA0378	TN
paer	G_PA3175	TN
paer	G_PA4587	TN
paer	G_PA3525	FP
paer	G_PA2767	TN
paer	G_PA3568	TN
paer	G_PA3234	TN
paer	G_PA2152	TN
paer	G_PA3376	TN
paer	G_PA3471	TN
paer	G_PA3873	TN
paer	G_PA5350	TN
paer	G_PA3219	TN
paer	G_PA3757	TN
paer	G_PA3975	TN
paer	G_PA3176	TN
paer	G_PA4444	TN
paer	G_PA5103	TN
paer	G_PA0895	TN
paer	G_PA0268	TN
paer	G_PA1215	TN
paer	G_PA4023	TN
paer	G_PA0545	TN
paer	G_PA3625	TN
paer	G_PA2314	TN
paer	G_PA4229	TN
paer	G_PA0950	TN
paer	G_PA1020	TN
paer	G_PA3029	TN
paer	G_PA0575	TN
paer	G_PA1016	TN
paer	G_PA2159	TN
paer	G_PA1991	TN
paer	G_PA2634	TN
paer	G_PA4779	TN
paer	G_PA5379	TN
paer	G_PA3553	TN
paer	G_PA1071	TN
paer	G_PA4700	TN
paer	G_PA2548	TN
paer	G_PA0203	TN
paer	G_PA0389	TN
paer	G_PA0761	FP
paer	G_PA2505	TN
paer	G_PA3189	TN
paer	G_PA0835	TN
paer	G_PA5036	TN
paer	G_PA2339	TN
paer	G_PA0403	TN
paer	G_PA4374	TN
paer	G_PA4912	TN
paer	G_PA0387	TN
paer	G_PA2265	TN
paer	G_PA2900	TN
paer	G_PA4231	TN
paer	G_PA3692	TN
paer	G_PA4901	TN
paer	G_PA3327	TN
paer	G_PA1260	TN
paer	G_PA4163	TN
paer	G_PA4733	TN
paer	G_PA4860	TN
paer	G_PA3228	TN
paer	G_PA4513	TN
paer	G_PA1373	TN
paer	G_PA0524	TN
paer	G_PA1319	TN
paer	G_PA4201	TN
paer	G_PA5175	TN
paer	G_PA0431	TN
paer	G_PA0313	TN
paer	G_PA5100	TN
paer	G_PA2709	TN
paer	G_PA3493	TN
paer	G_PA3236	TN
paer	G_PA0897	TN
paer	G_PA3936	TN
paer	G_PA1256	TN
paer	G_PA1927	TN
paer	G_PA5142	TN
paer	G_PA4981	TN
paer	G_PA3023	TN
paer	G_PA0996	FP
paer	G_PA1947	TN
paer	G_PA3563	TN
paer	G_PA1862	TN
paer	G_PA4796	TN
paer	G_PA1143	TN
paer	G_PA4918	TN
paer	G_PA4947	TN
paer	G_PA5373	TN
paer	G_PA3047	TN
paer	G_PA5417	TN
paer	G_PA4127	TN
paer	G_PA1147	TN
paer	G_PA4971	TN
paer	G_PA0846	TN
paer	G_PA4662	FP
paer	G_PA0935	TN
paer	G_PA2213	TN
paer	G_PA1598	TN
paer	G_PA4913	TN
paer	G_PA3690	TN
paer	G_PA4724	TN
paer	G_PA0892	TN
paer	G_PA0747	TN
paer	G_PA4771	TN
paer	G_PA5287	TN
paer	G_PA2018	TN
paer	G_PA4353	TN
paer	G_PA0380	TN
paer	G_PA0869	TN
paer	G_PA4919	TN
paer	G_PA0889	TN
paer	G_PA5143	FP
paer	G_PA1752	TN
paer	G_PA3554	TN
paer	G_PA1502	TN
paer	G_PA3584	TN
paer	G_PA0182	TN
paer	G_PA2249	TN
paer	G_PA2217	TN
paer	G_PA5497	TN
paer	G_PA0372	TN
paer	G_PA1310	TN
paer	G_PA5312	TN
paer	G_PA4503	TN
paer	G_PA5152	TN
paer	G_PA0999	TN
paer	G_PA5547	TN
paer	G_PA0266	TN
paer	G_PA2777	TN
paer	G_PA1325	TN
paer	G_PA4867	TN
paer	G_PA0205	TN
paer	G_PA4659	TN
paer	G_PA5445	TN
paer	G_PA3210	TN
paer	G_PA1074	TN
paer	G_PA4715	TN
paer	G_PA5258	TN
paer	G_PA4862	TN
paer	G_PA3858	TN
paer	G_PA0958	TN
paer	G_PA1786	TN
paer	G_PA5501	TN
paer	G_PA5529	TN
paer	G_PA5133	TN
paer	G_PA4615	TN
paer	G_PA4061	TN
paer	G_PA2340	TN
paer	G_PA0811	TN
paer	G_PA3739	TN
paer	G_PA0031	TN
paer	G_PA1932	TN
paer	G_PA3872	TN
paer	G_PA4822	TN
paer	G_PA1635	TN
paer	G_PA1687	TN
paer	G_PA2639	TN
paer	G_PA5503	TN
paer	G_PA2127	TN
paer	G_PA1950	FP
paer	G_PA4024	TN
paer	G_PA2035	TN
paer	G_PA0934	TN
paer	G_PA1616	TN
paer	G_PA2958	TN
paer	G_PA3628	TN
paer	G_PA0851	TN
paer	G_PA2553	TN
paer	G_PA2557	TN
paer	G_PA3319	TN
paer	G_PA0265	TN
paer	G_PA4137	TN
paer	G_PA3418	TN
paer	G_PA3876	TN
paer	G_PA3963	TN
paer	G_PA0890	TN
paer	G_PA0755	TN
paer	G_PA3417	TN
paer	G_PA1812	TN
paer	G_PA3173	TN
paer	G_PA1576	TN
paer	G_PA1491	TN
paer	G_PA4694	FP
paer	G_PA4859	TN
paer	G_PA4889	TN
paer	G_PA0581	TN
paer	G_PA1339	TN
paer	G_PA2100	TN
paer	G_PA2843	TN
paer	G_PA0302	TN
paer	G_PA1317	TN
paer	G_PA0913	TN
paer	G_PA3754	TN
paer	G_PA3300	TN
paer	G_PA4047	TN
paer	G_PA5495	TN
paer	G_PA4126	TN
paer	G_PA5118	TN
paer	G_PA1164	TN
paer	G_PA4025	TN
paer	G_PA0782	TN
paer	G_PA4167	TN
paer	G_PA2518	TN
paer	G_PA1883	TN
paer	G_PA4339	TN
paer	G_PA0281	TN
paer	G_PA0165	TN
paer	G_PA4153	TN
paer	G_PA2555	TN
paer	G_PA2625	TN
paer	G_PA1517	TN
paer	G_PA1488	TN
paer	G_PA4192	TN
paer	G_PA0105	TN
paer	G_PA2344	TN
paer	G_PA2153	TN
paer	G_PA0531	TN
paer	G_PA1022	TN
paer	G_PA3101	TN
paer	G_PA3602	TN
paer	G_PA4128	TN
paer	G_PA3633	FP
paer	G_PA2973	TN
paer	G_PA5181	TN
paer	G_PA1742	TN
paer	G_PA5091	TN
paer	G_PA2250	TN
paer	G_PA3504	TN
paer	G_PA4331	TN
paer	G_PA0854	TN
paer	G_PA3891	TN
paer	G_PA3886	TN
paer	G_PA2891	TN
paer	G_PA1515	TN
paer	G_PA3469	TN
paer	G_PA3970	TN
paer	G_PA5171	TN
paer	G_PA0211	TN
paer	G_PA4929	TN
paer	G_PA5399	TN
paer	G_PA3837	TN
paer	G_PA3831	TN
paer	G_PA4358	TN
paer	G_PA1916	TN
paer	G_PA1948	TN
paer	G_PA2857	TN
paer	G_PA2328	TN
paer	G_PA2856	TN
paer	G_PA0426	TN
paer	G_PA5076	TN
paer	G_PA4974	TN
paer	G_PA2515	TN
paer	G_PA3459	TN
paer	G_PA3452	TN
paer	G_PA0108	TN
paer	G_PA2940	TN
paer	G_PA0507	TN
paer	G_PA3443	TN
paer	G_PA1393	TN
paer	G_PA2053	TN
paer	G_PA3312	TN
paer	G_PA3183	TN
paer	G_PA3823	TN
paer	G_PA5056	TN
paer	G_PA2996	TN
paer	G_PA4814	TN
paer	G_PA2014	TN
paer	G_PA0440	TN
paer	G_PA2647	TN
paer	G_PA4496	TN
paer	G_PA0136	TN
paer	G_PA5098	TN
paer	G_PA4595	TN
paer	G_PA0745	TN
paer	G_PA1535	TN
paer	G_PA4620	TN
paer	G_PA2680	TN
paer	G_PA1514	TN
paer	G_PA3552	TN
paer	G_PA3774	TN
paer	G_PA0184	TN
paer	G_PA4401	TN
paer	G_PA4719	TN
paer	G_PA2059	TN
paer	G_PA3890	TN
paer	G_PA2326	TN
paer	G_PA4442	TN
paer	G_PA5473	TN
paer	G_PA4091	TN
paer	G_PA0231	TN
paer	G_PA1065	TN
paer	G_PA5099	TN
paer	G_PA2537	TN
paer	G_PA0863	TN
paer	G_PA0872	FP
paer	G_PA0287	TN
paer	G_PA5213	TN
paer	G_PA1070	TN
paer	G_PA3798	TN
paer	G_PA2914	TN
paer	G_PA2642	TN
paer	G_PA3188	TN
paer	G_PA2025	TN
paer	G_PA0789	TN
paer	G_PA3687	TN
paer	G_PA1902	TN
paer	G_PA5129	TN
paer	G_PA2009	TN
paer	G_PA3043	TN
paer	G_PA0186	TN
paer	G_PA2210	TN
paer	G_PA2022	TN
paer	G_PA3751	TN
paer	G_PA1498	TN
paer	G_PA4470	TN
paer	G_PA5418	TN
paer	G_PA1384	TN
paer	G_PA0521	TN
paer	G_PA1500	TN
paer	G_PA2516	TN
paer	G_PA1174	TN
paer	G_PA0036	FP
paer	G_PA5297	TN
paer	G_PA1008	TN
paer	G_PA0838	TN
paer	G_PA3755	TN
paer	G_PA1119	TN
paer	G_PA3028	TN
paer	G_PA0119	TN
paer	G_PA4628	TN
paer	G_PA5438	TN
paer	G_PA4911	TN
paer	G_PA1943	TN
paer	G_PA1172	TN
paer	G_PA1620	TN
paer	G_PA2998	TN
paer	G_PA4654	TN
paer	G_PA1562	TN
paer	G_PA2342	TN
paer	G_PA2888	TN
paer	G_PA4400	TN
paer	G_PA3620	TN
paer	G_PA3937	TN
paer	G_PA3917	TN
paer	G_PA3996	TN
paer	G_PA2165	TN
paer	G_PA4548	TN
paer	G_PA1869	TN
paer	G_PA2552	TN
paer	G_PA1808	TN
paer	G_PA2554	TN
paer	G_PA5524	TN
paer	G_PA3916	TN
paer	G_PA3999	TN
paer	G_PA5416	TN
paer	G_PA4832	TN
paer	G_PA3026	TN
paer	G_PA1863	TN
paer	G_PA2421	FP
paer	G_PA0193	TN
paer	G_PA2275	TN
paer	G_PA5155	TN
paer	G_PA3779	TN
paer	G_PA0106	TN
paer	G_PA3442	TN
paer	G_PA5541	TN
paer	G_PA1489	TN
paer	G_PA2644	TN
paer	G_PA4904	TN
paer	G_PA5435	TN
paer	G_PA0493	TN
paer	G_PA2796	TN
paer	G_PA0237	TN
paer	G_PA1521	TN
paer	G_PA2828	TN
paer	G_PA2507	TN
paer	G_PA3608	TN
paer	G_PA3607	TN
paer	G_PA2001	TN
paer	G_PA3702	TN
paer	G_PA3673	TN
paer	G_PA3759	TN
paer	G_PA4810	TN
paer	G_PA1931	FP
paer	G_PA0901	TN
paer	G_PA3935	TN
paer	G_PA4329	TN
paer	G_PA4022	TN
paer	G_PA5310	TN
paer	G_PA5419	TN
paer	G_PA0437	TN
paer	G_PA3920	TN
paer	G_PA0029	TN
paer	G_PA0250	TN
paer	G_PA3435	TN
paer	G_PA4180	TN
paer	G_PA4722	TN
paer	G_PA1617	TN
paer	G_PA3242	TN
paer	G_PA2572	TN
paer	G_PA2341	TN
paer	G_PA0510	TN
paer	G_PA5206	TN
paer	G_PA0482	TN
paer	G_PA4234	TN
paer	G_PA2517	TN
paer	G_PA5236	TN
paer	G_PA2508	TN
paer	G_PA5242	TN
paer	G_PA4092	TN
paer	G_PA2726	TN
paer	G_PA3889	TN
paer	G_PA4213	TN
paer	G_PA5436	TN
paer	G_PA2536	TN
paer	G_PA5375	TN
paer	G_PA1501	TN
paer	G_PA3253	TN
paer	G_PA3556	TN
paer	G_PA2623	TN
paer	G_PA0400	TN
paer	G_PA2416	TN
paer	G_PA1287	TN
paer	G_PA4891	TN
paer	G_PA1417	TN
paer	G_PA5106	TN
paer	G_PA3187	TN
paer	G_PA5426	FP
paer	G_PA1028	TN
paer	G_PA4757	TN
paer	G_PA2922	TN
paer	G_PA3415	TN
paer	G_PA0603	TN
paer	G_PA4907	TN
paer	G_PA4343	TN
paer	G_PA1634	TN
paer	G_PA1360	TN
paer	G_PA5097	TN
paer	G_PA3862	TN
paer	G_PA5096	TN
paer	G_PA3448	TN
paer	G_PA1557	TN
paer	G_PA2990	TN
paer	G_PA1772	TN
paer	G_PA4900	TN
paer	G_PA4097	TN
paer	G_PA1271	TN
paer	G_PA5035	TN
paer	G_PA3116	TN
paer	G_PA4310	TN
paer	G_PA1338	TN
paer	G_PA3490	TN
paer	G_PA1524	TN
paer	G_PA3301	TN
paer	G_PA5353	TN
paer	G_PA4893	TN
paer	G_PA5500	TN
paer	G_PA1518	TN
paer	G_PA3942	TN
paer	G_PA0743	TN
paer	G_PA4170	TN
paer	G_PA2104	TN
paer	G_PA4909	TN
paer	G_PA2445	TN
paer	G_PA3416	TN
paer	G_PA5184	TN
paer	G_PA0546	FP
paer	G_PA2214	TN
paer	G_PA0438	TN
paer	G_PA1919	TN
paer	G_PA0230	TN
paer	G_PA3860	TN
paer	G_PA1903	TN
paer	G_PA3540	TN
paer	G_PA4809	TN
paer	G_PA2163	TN
paer	G_PA2666	TN
paer	G_PA0291	TN
paer	G_PA1049	TN
paer	G_PA2994	TN
paer	G_PA3668	TN
paer	G_PA5188	TN
paer	G_PA3609	TN
paer	G_PA2356	TN
paer	G_PA2290	TN
paer	G_PA2042	TN
paer	G_PA1971	TN
paer	G_PA4647	TN
paer	G_PA5025	FP
paer	G_PA1499	TN
paer	G_PA0730	TN
paer	G_PA2067	TN
paer	G_PA3489	TN
paer	G_PA4036	TN
paer	G_PA3764	TN
paer	G_PA1758	FP
paer	G_PA0296	TN
paer	G_PA4572	TN
paer	G_PA4892	TN
paer	G_PA1726	TN
paer	G_PA5372	TN
paer	G_PA3579	TN
paer	G_PA5386	TN
paer	G_PA1997	TN
paer	G_PA2624	TN
paer	G_PA5530	TN
paer	G_PA1479	TN
paer	G_PA5154	TN
paer	G_PA3113	FP
paer	G_PA0399	TN
paer	G_PA2397	TN
paer	G_PA2968	TN
paer	G_PA5420	TN
paer	G_PA0219	TN
paer	G_PA5177	TN
paer	G_PA4212	TN
paer	G_PA4858	TN
paer	G_PA3558	TN
paer	G_PA3302	TN
paer	G_PA4538	TN
paer	G_PA4050	TN
paer	G_PA4635	TN
paer	G_PA4072	TN
paer	G_PA1326	TN
paer	G_PA5354	TN
paer	G_PA5367	TN
paer	G_PA2039	TN
paer	G_PA2000	TN
paer	G_PA2446	TN
paer	G_PA2648	TN
paer	G_PA4839	TN
paer	G_PA3555	TN
paer	G_PA2522	TN
paer	G_PA2409	TN
paer	G_PA4770	TN
paer	G_PA5508	TN
paer	G_PA5095	TN
paer	G_PA0245	TN
paer	G_PA0235	TN
paer	G_PA4334	TN
paer	G_PA5058	TN
paer	G_PA2119	TN
paer	G_PA4588	TN
paer	G_PA3506	TN
paer	G_PA5261	TN
paer	G_PA2694	TN
paer	G_PA0590	TN
paer	G_PA2125	TN
paer	G_PA1843	TN
paer	G_PA4123	TN
paer	G_PA0196	TN
paer	G_PA3792	TN
paer	G_PA1633	TN
paer	G_PA1737	TN
paer	G_PA2596	TN
paer	G_PA5249	TN
paer	G_PA1418	TN
paer	G_PA2023	TN
paer	G_PA4589	TN
paer	G_PA5505	TN
paer	G_PA5074	TN
paer	G_PA2509	TN
paer	G_PA3328	TN
paer	G_PA4006	TN
paer	G_PA3445	TN
paer	G_PA4688	TN
paer	G_PA3333	TN
paer	G_PA1540	TN
paer	G_PA5004	TN
paer	G_PA2521	TN
paer	G_PA0794	TN
paer	G_PA0204	TN
paer	G_PA3561	TN
paer	G_PA0902	TN
paer	G_PA2103	TN
paer	G_PA0439	TN
paer	G_PA2294	TN
paer	G_PA3888	TN
paer	G_PA2776	TN
paer	G_PA0998	TN
paer	G_PA2052	TN
paer	G_PA2323	TN
paer	G_PA2800	TN
paer	G_PA4467	TN
paer	G_PA5468	TN
paer	G_PA3749	TN
paer	G_PA3947	TN
paer	G_PA2032	TN
paer	G_PA2769	TN
paer	G_PA3384	TN
paer	G_PA1470	TN
paer	G_PA3019	TN
paer	G_PA2204	TN
paer	G_PA3766	TN
paer	G_PA0865	TN
paer	G_PA3014	TN
paer	G_PA1072	TN
paer	G_PA4158	TN
paer	G_PA2598	TN
paer	G_PA3492	TN
paer	G_PA3217	TN
paer	G_PA3004	TN
paer	G_PA4122	TN
paer	G_PA5046	TN
paer	G_PA2144	TN
paer	G_PA3446	TN
paer	G_PA3659	TN
paer	G_PA2162	TN
paer	G_PA2999	TN
paer	G_PA5479	TN
paer	G_PA5369	TN
paer	G_PA4676	TN
paer	G_PA2197	TN
paer	G_PA4781	TN
paer	G_PA3169	TN
paer	G_PA2700	TN
paer	G_PA1727	TN
paer	G_PA1631	TN
paer	G_PA3366	TN
paer	G_PA2929	TN
paer	G_PA2827	TN
paer	G_PA1507	TN
paer	G_PA0280	TN
paer	G_PA1073	TN
paer	G_PA0228	TN
paer	G_PA1601	TN
paer	G_PA1813	TN
paer	G_PA2443	TN
paer	G_PA1296	TN
paer	G_PA3025	TN
paer	G_PA5176	TN
paer	G_PA5299	TN
paer	G_PA5241	TN
paer	G_PA3256	TN
paer	G_PA5180	TN
paer	G_PA2649	TN
paer	G_PA1989	TN
paer	G_PA3083	TN
paer	G_PA1854	TN
paer	G_PA3538	TN
paer	G_PA5357	FP
paer	G_PA0425	TN
paer	G_PA2448	TN
paer	G_PA2041	TN
paer	G_PA3030	TN
paer	G_PA4819	TN
paer	G_PA3344	TN
paer	G_PA0276	TN
paer	G_PA3131	TN
paer	G_PA0608	TN
paer	G_PA1195	TN
paer	G_PA2343	TN
paer	G_PA5080	TN
paer	G_PA3929	TN
paer	G_PA0326	TN
paer	G_PA1781	TN
paer	G_PA4908	TN
paer	G_PA3494	TN
paer	G_PA2637	TN
paer	G_PA1207	TN
paer	G_PA2520	TN
paer	G_PA0154	TN
paer	G_PA1337	TN
paer	G_PA2512	TN
paer	G_PA1112	TN
paer	G_PA5540	TN
paer	G_PA4159	TN
paer	G_PA1099	TN
paer	G_PA1214	TN
paer	G_PA5518	TN
paer	G_PA5366	TN
paer	G_PA0887	TN
paer	G_PA4054	FP
paer	G_PA4565	TN
paer	G_PA4397	TN
paer	G_PA2008	TN
paer	G_PA2943	TN
paer	G_PA4216	TN
paer	G_PA2925	TN
paer	G_PA1202	TN
paer	G_PA2580	TN
paer	G_PA3931	TN
paer	G_PA0023	TN
paer	G_PA0937	FP
paer	G_PA3020	TN
paer	G_PA2616	TN
paer	G_PA0162	TN
paer	G_PA4431	TN
paer	G_PA2714	TN
paer	G_PA2664	TN
paer	G_PA4443	TN
paer	G_PA1553	TN
paer	G_PA0443	TN
paer	G_PA0883	TN
paer	G_PA1546	TN
paer	G_PA2192	TN
paer	G_PA1810	TN
paer	G_PA1204	TN
paer	G_PA2298	TN
paer	G_PA4393	TN
paer	G_PA5045	TN
paer	G_PA3172	TN
paer	G_PA3165	TN
paer	G_PA5281	TN
paer	G_PA3529	TN
paer	G_PA2500	TN
paer	G_PA1089	TN
paer	G_PA2653	TN
paer	G_PA1493	TN
paer	G_PA2202	TN
paer	G_PA4811	TN
paer	G_PA1920	TN
paer	G_PA5523	TN
paer	G_PA1820	TN
paer	G_PA4507	TN
paer	G_PA3122	TN
paer	G_PA3783	TN
paer	G_PA4161	TN
paer	G_PA1342	TN
paer	G_PA0065	TN
paer	G_PA1124	TN
paer	G_PA1505	TN
paer	G_PA5094	TN
paer	G_PA1320	TN
paer	G_PA1569	TN
paer	G_PA5368	TN
paer	G_PA2978	TN
paer	G_PA1496	TN
paer	G_PA2002	TN
paer	G_PA5082	TN
paer	G_PA0944	TN
paer	G_PA3438	TN
paer	G_PA3877	TN
paer	G_PA4194	TN
paer	G_PA3582	TN
paer	G_PA5538	TN
paer	G_PA2266	TN
paer	G_PA5434	TN
paer	G_PA1984	TN
paer	G_PA4499	TN
paer	G_PA3598	TN
paer	G_PA0166	TN
paer	G_PA5186	TN
paer	G_PA2142	TN
paer	G_PA5511	TN
paer	G_PA4100	TN
paer	G_PA2011	TN
paer	G_PA4773	TN
paer	G_PA5298	TN
paer	G_PA4265	TN
paer	G_PA4098	TN
paer	G_PA4204	TN
paer	G_PA5450	TN
paer	G_PA1052	TN
paer	G_PA2563	TN
paer	G_PA2306	TN
paer	G_PA1400	TN
paer	G_PA0654	TN
paer	G_PA0283	TN
paer	G_PA4930	TN
paer	G_PA0299	TN
paer	G_PA0871	TN
paer	G_PA4034	TN
paer	G_PA2640	TN
paer	G_PA2378	TN
paer	G_PA2268	TN
paer	G_PA2818	TN
paer	G_PA5149	TN
paer	G_PA1321	TN
paer	G_PA0810	TN
paer	G_PA4841	TN
paer	G_PA1806	TN
paer	G_PA1683	TN
paer	G_PA4121	TN
paer	G_PA5302	TN
paer	G_PA2609	TN
paer	G_PA3128	TN
paer	G_PA5217	TN
paer	G_PA5172	TN
paer	G_PA2262	TN
paer	G_PA2683	TN
paer	G_PA1543	TN
paer	G_PA4020	TN
paer	G_PA4501	TN
paer	G_PA3356	TN
paer	G_PA2310	TN
paer	G_PA4979	TN
paer	G_PA1194	TN
paer	G_PA3295	TN
paer	G_PA5153	TN
paer	G_PA5272	TN
paer	G_PA2203	TN
paer	G_PA2870	TN
paer	G_PA5339	TN
paer	G_PA4687	TN
paer	G_PA1257	TN
paer	G_PA4522	TN
paer	G_PA2248	TN
paer	G_PA3507	TN
paer	G_PA1780	TN
paer	G_PA0795	TN
paer	G_PA0212	TN
paer	G_PA0792	TN
paer	G_PA0710	TN
paer	G_PA0666	TN
paer	G_PA1905	TN
paer	G_PA1944	TN
paer	G_PA1629	TN
paer	G_PA1391	TN
paer	G_PA5413	TN
paer	G_PA5384	TN
paer	G_PA4903	TN
paer	G_PA3930	TN
paer	G_PA4150	TN
paer	G_PA1876	TN
paer	G_PA1807	TN
paer	G_PA1993	TN
paer	G_PA0688	TN
paer	G_PA3053	TN
paer	G_PA3093	TN
paer	G_PA1736	TN
paer	G_PA1027	TN
paer	G_PA4731	FP
paer	G_PA0232	TN
paer	G_PA3874	TN
paer	G_PA2329	TN
paer	G_PA2812	TN
paer	G_PA5215	TN
paer	G_PA2188	TN
paer	G_PA2160	TN
paer	G_PA3534	TN
paer	G_PA0927	TN
paer	G_PA2646	TN
paer	G_PA2693	TN
paer	G_PA3524	TN
paer	G_PA2915	TN
paer	G_PA5084	TN
paer	G_PA5394	TN
paer	G_PA3039	TN
paer	G_PA4910	TN
paer	G_PA4073	TN
paer	G_PA1410	TN
paer	G_PA1647	TN
paer	G_PA2212	TN
paer	G_PA4189	TN
paer	G_PA2923	TN
paer	G_PA0282	TN
paer	G_PA5439	TN
paer	G_PA3768	TN
paer	G_PA5263	FP
paer	G_PA0931	TN
paer	G_PA4351	TN
paer	G_PA1421	TN
paer	G_PA5170	TN
paer	G_PA4646	TN
paer	G_PA2108	TN
paer	G_PA3357	TN
paer	G_PA4829	TN
paer	G_PA3533	TN
paer	G_PA3177	TN
paer	G_PA0153	TN
paer	G_PA3195	TN
paer	G_PA2252	TN
paer	G_PA1823	TN
paer	G_PA0945	FP
paer	G_PA0195	TN
paer	G_PA0314	TN
paer	G_PA3441	TN
paer	G_PA0107	TN
paer	G_PA4289	TN
paer	G_PA1288	TN
paer	G_PA3660	TN
paer	G_PA4519	TN
paer	G_PA1818	TN
paer	G_PA1999	TN
paer	G_PA3557	TN
paer	G_PA2678	TN
paer	G_PA3337	TN
paer	G_PA2435	TN
paer	G_PA2815	TN
paer	G_PA3761	TN
paer	G_PA5214	TN
paer	G_PA0371	TN
paer	G_PA0206	TN
paer	G_PA4160	TN
paer	G_PA4864	TN
paer	G_PA3181	TN
paer	G_PA4804	TN
paer	G_PA4096	TN
paer	G_PA0917	TN
paer	G_PA0129	TN
paer	G_PA3193	TN
paer	G_PA0214	TN
paer	G_PA4037	TN
paer	G_PA0530	TN
paer	G_PA5376	TN
paer	G_PA4825	TN
paer	G_PA1516	TN
paer	G_PA1024	TN
paer	G_PA2691	TN
paer	G_PA5459	TN
paer	G_PA1144	TN
paer	G_PA2407	TN
paer	G_PA5231	TN
paer	G_PA0352	TN
paer	G_PA4505	TN
paer	G_PA4905	TN
paer	G_PA4980	TN
paer	G_PA0888	TN
paer	G_PA4069	TN
paer	G_PA0247	TN
paer	G_PA1541	TN
paer	G_PA2279	TN
paer	G_PA5398	TN
paer	G_PA3573	TN
paer	G_PA4152	TN
paer	G_PA5268	TN
paer	G_PA4402	TN
paer	G_PA2533	TN
paer	G_PA2105	TN
paer	G_PA2322	TN
paer	G_PA2253	TN
paer	G_PA4976	TN
paer	G_PA0494	TN
paer	G_PA3924	TN
paer	G_PA1001	TN
paer	G_PA2135	TN
paer	G_PA1602	TN
paer	G_PA3839	TN
paer	G_PA3606	TN
paer	G_PA3267	TN
paer	G_PA5207	TN
paer	G_PA4088	TN
paer	G_PA3938	TN
paer	G_PA3491	TN
paer	G_PA5012	TN
paer	G_PA1252	TN
paer	G_PA0117	TN
paer	G_PA0836	TN
paer	G_PA0347	TN
paer	G_PA0604	TN
paer	G_PA2408	TN
paer	G_PA5390	TN
paer	G_PA3918	TN
paer	G_PA1554	TN
paer	G_PA2007	TN
paer	G_PA4458	TN
paer	G_PA1340	TN
paer	G_PA4365	TN
paer	G_PA4618	TN
paer	G_PA3103	TN
paer	G_PA2710	TN
paer	G_PA4792	TN
paer	G_PA0456	TN
paer	G_PA0220	TN
paer	G_PA2826	TN
paer	G_PA2352	TN
paer	G_PA5516	TN
paer	G_PA0016	TN
paer	G_PA0804	TN
paer	G_PA0849	TN
paer	G_PA3560	TN
paer	G_PA4404	TN
paer	G_PA2086	TN
paer	G_PA3286	TN
paer	G_PA0476	TN
paer	G_PA1131	TN
paer	G_PA0336	TN
paer	G_PA3562	TN
paer	G_PA0949	TN
paer	G_PA2643	TN
paer	G_PA3667	TN
paer	G_PA4124	TN
paer	G_PA5393	TN
paer	G_PA2079	TN
paer	G_PA4626	TN
paer	G_PA3324	TN
paer	G_PA3887	TN
paer	G_PA0285	TN
paer	G_PA1809	TN
paer	G_PA4872	TN
paer	G_PA3310	TN
paer	G_PA0304	TN
paer	G_PA2065	TN
paer	G_PA0331	TN
paer	G_PA5498	TN
paer	G_PA5262	TN
paer	G_PA0301	TN
paer	G_PA0148	TN
paer	G_PA0130	TN
paer	G_PA5442	TN
paer	G_PA5173	TN
paer	G_PA0444	TN
paer	G_PA1429	FP
paer	G_PA5057	TN
paer	G_PA5304	TN
paer	G_PA1523	TN
paer	G_PA0355	TN
paer	G_PA0879	TN
paer	G_PA3296	TN
paer	G_PA2688	TN
paer	G_PA5190	TN
paer	G_PA1318	TN
paer	G_PA1922	TN
paer	G_PA2296	TN
paer	G_PA0783	TN
paer	G_PA0337	TN
paer	G_PA3629	TN
paer	G_PA1739	TN
paer	G_PA0606	TN
paer	G_PA3454	TN
paer	G_PA4785	TN
paer	G_PA3875	TN
paer	G_PA3589	TN
paer	G_PA3933	TN
paer	G_PA5378	TN
paer	G_PA0954	TN
paer	G_PA0143	TN
paer	G_PA3559	TN
paer	G_PA3068	TN
paer	G_PA0605	TN
paer	G_PA4899	TN
paer	G_PA5283	TN
paer	G_PA0386	TN
paer	G_PA3581	TN
paer	G_PA0584	TN
paer	G_PA0242	TN
paer	G_PA5507	TN
paer	G_PA0324	TN
paer	G_PA4228	TN
paer	G_PA3343	TN
paer	G_PA3299	TN
paer	G_PA4108	TN
paer	G_PA1861	TN
paer	G_PA3901	TN
paer	G_PA0990	TN
paer	G_PA0932	TN
paer	G_PA0898	TN
paer	G_PA4187	TN
paer	G_PA5248	TN
paer	G_PA2247	TN
paer	G_PA1519	TN
paer	G_PA2924	TN
paer	G_PA5093	TN
paer	G_PA0870	TN
paer	G_PA3603	TN
paer	G_PA1638	TN
paer	G_PA1750	TN
paer	G_PA5066	FP
paer	G_PA1002	TN
paer	G_PA4113	TN
paer	G_PA3672	TN
paer	G_PA0139	TN
paer	G_PA0447	TN
paer	G_PA0297	TN
paer	G_PA2995	TN
paer	G_PA1104	TN
paer	G_PA0325	TN
paer	G_PA5427	TN
paer	G_PA2351	TN
paer	G_PA4883	TN
paer	G_PA2611	TN
paer	G_PA1946	TN
paer	G_PA2321	TN
paer	G_PA2969	TN
paer	G_PA0140	TN
paer	G_PA2499	TN
paer	G_PA4788	TN
paer	G_PA5018	TN
paer	G_PA5235	TN
paer	G_PA1267	TN
paer	G_PA3610	TN
paer	G_PA5013	FP
paer	G_PA2263	TN
paer	G_PA5370	TN
paer	G_PA4673	TN
paer	G_PA2114	TN
paer	G_PA1779	TN
paer	G_PA2597	TN
paer	G_PA2084	TN
paer	G_PA1485	TN
paer	G_PA4464	TN
paer	G_PA0113	TN
paer	G_PA4466	TN
paer	G_PA2278	TN
paer	G_PA3186	TN
paer	G_PA4973	TN
paer	G_PA1959	FP
paer	G_PA4645	TN
paer	G_PA2357	TN
paer	G_PA1222	TN
paer	G_PA0244	TN
paer	G_PA2442	TN
paer	G_PA0899	TN
paer	G_PA3551	TN
paer	G_PA3517	TN
paer	G_PA3733	TN
paer	G_PA2270	TN
paer	G_PA1127	TN
paer	G_PA1770	TN
paer	G_PA1819	TN
paer	G_PA2638	TN
paer	G_PA3641	TN
paer	G_PA1778	TN
paer	G_PA5216	TN
paer	G_PA1933	TN
paer	G_PA1341	TN
paer	G_PA2295	TN
paer	G_PA0198	TN
paer	G_PA3709	TN
paer	G_PA5377	TN
paer	G_PA5111	TN
paer	G_PA3444	TN
paer	G_PA0303	TN
paer	G_PA3530	TN
paer	G_PA4504	TN
paer	G_PA4598	TN
paer	G_PA2155	TN
paer	G_PA4015	TN
paer	G_PA4917	TN
paer	G_PA1061	TN
paer	G_PA4193	TN
paer	G_PA0796	TN
paer	G_PA2912	TN
paer	G_PA0241	TN
paer	G_PA0103	TN
paer	G_PA1497	TN
paer	G_PA4456	TN
paer	G_PA0915	TN
paer	G_PA0896	TN
paer	G_PA2997	TN
paer	G_PA0229	TN
paer	G_PA3816	TN
paer	G_PA3437	TN
sone	G_SO2613	TP
sone	G_SO3638	TP
sone	G_SO1634	FN
sone	G_SO2021	TP
sone	G_SO2262	FN
sone	G_SO4219	TP
sone	G_SO3958	FN
sone	G_SO3469	TP
sone	G_SO1633	TP
sone	G_SO3948	TP
sone	G_SO3427	FN
sone	G_SO2410	TP
sone	G_SO1725	FN
sone	G_SO1199	FN
sone	G_SO0468	FN
sone	G_SO2512	FN
sone	G_SO2895	TP
sone	G_SO4684	TP
sone	G_SO1789	FN
sone	G_SO2896	FN
sone	G_SO2775	FN
sone	G_SO2217	FN
sone	G_SO3529	FN
sone	G_SO4753	FN
sone	G_SO1625	TP
sone	G_SO0213	TP
sone	G_SO3067	TP
sone	G_SO4313	FN
sone	G_SO1335	FN
sone	G_SO2831	FN
sone	G_SO2777	FN
sone	G_SO1523	TP
sone	G_SO0432	FN
sone	G_SO1197	FN
sone	G_SO1631	FN
sone	G_SO2258	FN
sone	G_SO1161	FN
sone	G_SO1369	FN
sone	G_SO2416	FN
sone	G_SO1198	FN
sone	G_SO1828	FN
sone	G_SO2330	FN
sone	G_SO2802	FN
sone	G_SO4218	TP
sone	G_SO4249	TP
sone	G_SO3438	TP
sone	G_SO1150	FN
sone	G_SO4201	FN
sone	G_SO2345	FN
sone	G_SO1639	FN
sone	G_SO4602	FN
sone	G_SO1164	FN
sone	G_SO2266	FN
sone	G_SO3646	FN
sone	G_SO3746	FN
sone	G_SO4225	FN
sone	G_SO4749	FN
sone	G_SO3291	FN
sone	G_SO1879	TP
sone	G_SO1538	FN
sone	G_SO4221	TP
sone	G_SO2740	FN
sone	G_SO3836	TP
sone	G_SO3653	TP
sone	G_SO0426	FN
sone	G_SO1126	FN
sone	G_SO1525	TP
sone	G_SO3837	FN
sone	G_SO0280	FN
sone	G_SO1635	TP
sone	G_SO1862	FN
sone	G_SO1930	FN
sone	G_SO0869	TP
sone	G_SO0361	TP
sone	G_SO2337	FN
sone	G_SO3959	FN
sone	G_SO2509	FN
sone	G_SO1931	FN
sone	G_SO4745	TP
sone	G_SO3072	FN
sone	G_SO2274	FN
sone	G_SO1351	TP
sone	G_SO4224	TP
sone	G_SO4748	FN
sone	G_SO0053	FN
sone	G_SO0049	FN
sone	G_SO1641	FN
sone	G_SO1928	FN
sone	G_SO2508	FN
sone	G_SO3957	FN
sone	G_SO1929	FN
sone	G_SO4223	TP
sone	G_SO0435	FN
sone	G_SO3533	TP
sone	G_SO3070	TP
sone	G_SO1168	FN
sone	G_SO0214	FN
sone	G_SO4750	FN
sone	G_SO4314	FN
sone	G_SO4254	TP
sone	G_SO4199	FN
sone	G_SO0506	FN
sone	G_SO4214	FN
sone	G_SO1792	FN
sone	G_SO0992	FN
sone	G_SO1893	FN
sone	G_SO3534	FN
sone	G_SO4751	FN
sone	G_SO4746	FN
sone	G_SO2776	FN
sone	G_SO3441	FN
sone	G_SO2415	FN
sone	G_SO2471	TP
sone	G_SO1171	TP
sone	G_SO1642	FN
sone	G_SO2751	FN
sone	G_SO1856	FN
sone	G_SO3956	FN
sone	G_SO1640	FN
sone	G_SO0930	TP
sone	G_SO2511	FN
sone	G_SO2478	FN
sone	G_SO4308	TP
sone	G_SO2635	FN
sone	G_SO4754	FN
sone	G_SO2222	FN
sone	G_SO2018	TP
sone	G_SO3466	FN
sone	G_SO1162	FN
sone	G_SO2402	FN
sone	G_SO3547	FN
sone	G_SO3464	FN
sone	G_SO3834	FN
sone	G_SO4222	TP
sone	G_SO2265	FN
sone	G_SO0413	TP
sone	G_SO3827	FN
sone	G_SO1370	FN
sone	G_SO0861	FN
sone	G_SO3437	TP
sone	G_SO2801	FN
sone	G_SO2513	FN
sone	G_SO1300	FN
sone	G_SO4190	FN
sone	G_SO3546	FN
sone	G_SO3440	FN
sone	G_SO3160	FN
sone	G_SO2264	FN
sone	G_SO4752	FN
sone	G_SO4747	FN
sone	G_SO0215	TP
sone	G_SO0933	FN
sone	G_SO3960	FN
sone	G_SO2778	FN
sone	G_SO0929	TP
sone	G_SO1108	FN
sone	G_SO0840	FN
sone	G_SO4741	FN
sone	G_SO1927	FN
sone	G_SO0207	TP
sone	G_SO2750	FN
sone	G_SO4217	FN
sone	G_SO1200	FN
sone	G_SO3312	TP
sone	G_SO1322	FN
sone	G_SO1900	TN
sone	G_SO0399	TN
sone	G_SO0949	TN
sone	G_SO2581	TN
sone	G_SO0107	TN
sone	G_SO4523	TN
sone	G_SO0968	TN
sone	G_SO3225	TN
sone	G_SO2911	TN
sone	G_SO0442	TN
sone	G_SO3105	TN
sone	G_SO0958	TN
sone	G_SO1397	TN
sone	G_SO1980	TN
sone	G_SO1498	TN
sone	G_SO1034	TN
sone	G_SO1021	TN
sone	G_SO3024	TN
sone	G_SO0862	TN
sone	G_SO0424	TN
sone	G_SO4274	TN
sone	G_SO3555	TN
sone	G_SO1367	FP
sone	G_SO4502	TN
sone	G_SO2922	TN
sone	G_SO4706	TN
sone	G_SO3814	TN
sone	G_SO2617	TN
sone	G_SO4146	TN
sone	G_SO0406	TN
sone	G_SO0587	TN
sone	G_SO2592	TN
sone	G_SO4687	TN
sone	G_SO0742	TN
sone	G_SO2629	TN
sone	G_SO4607	TN
sone	G_SO2488	TN
sone	G_SO0104	TN
sone	G_SO3019	TN
sone	G_SO3293	TN
sone	G_SO1364	TN
sone	G_SO4469	TN
sone	G_SO1039	TN
sone	G_SO0261	TN
sone	G_SO1683	TN
sone	G_SO1896	TN
sone	G_SO1185	TN
sone	G_SO0396	TN
sone	G_SO1010	TN
sone	G_SO4410	TN
sone	G_SO0410	TN
sone	G_SOA0098	TN
sone	G_SO0029	TN
sone	G_SO4688	TN
sone	G_SO3789	TN
sone	G_SO2489	TN
sone	G_SO1059	TN
sone	G_SO1011	TN
sone	G_SO1296	TN
sone	G_SO0512	FP
sone	G_SO0772	TN
sone	G_SO2045	TN
sone	G_SO1706	TN
sone	G_SO2593	TN
sone	G_SO0260	TN
sone	G_SO4733	TN
sone	G_SO1145	TN
sone	G_SO3173	TN
sone	G_SO1275	TN
sone	G_SO2395	TN
sone	G_SO2563	TN
sone	G_SO2065	TN
sone	G_SO1925	TN
sone	G_SO3923	TN
sone	G_SO4212	TN
sone	G_SO0286	FP
sone	G_SO1239	TN
sone	G_SO0695	TN
sone	G_SO2248	TN
sone	G_SO1363	TN
sone	G_SO0760	TN
sone	G_SO0431	TN
sone	G_SO1490	TN
sone	G_SO1142	TN
sone	G_SO4372	TN
sone	G_SO0633	TN
sone	G_SO1926	TN
sone	G_SO1519	TN
sone	G_SO2484	TN
sone	G_SO2341	TN
sone	G_SO3148	TN
sone	G_SO3692	TN
sone	G_SO1853	TN
sone	G_SO3120	TN
sone	G_SO3505	TN
sone	G_SO3660	TN
sone	G_SO4614	TN
sone	G_SO1223	TN
sone	G_SO4198	TN
sone	G_SO0345	TN
sone	G_SO4799	TN
sone	G_SO0640	TN
sone	G_SO2364	TN
sone	G_SO2823	TN
sone	G_SO1742	TN
sone	G_SO1217	TN
sone	G_SO4660	TN
sone	G_SO0618	TN
sone	G_SO3585	TN
sone	G_SO3060	TN
sone	G_SO0275	TN
sone	G_SO4452	TN
sone	G_SO2743	TN
sone	G_SO1218	TN
sone	G_SO4722	TN
sone	G_SO3965	TN
sone	G_SO4081	TN
sone	G_SO2490	TN
sone	G_SO1521	TN
sone	G_SO0101	TN
sone	G_SO0162	TN
sone	G_SO0999	TN
sone	G_SO4676	TN
sone	G_SO0314	TN
sone	G_SO0131	TN
sone	G_SO1232	TN
sone	G_SO1815	TN
sone	G_SO2279	TN
sone	G_SO2486	TN
sone	G_SO4654	TN
sone	G_SO3937	TN
sone	G_SO0157	TN
sone	G_SO1892	TN
sone	G_SO4527	TN
sone	G_SO4347	TN
sone	G_SO1771	TN
sone	G_SO1407	TN
sone	G_SO0083	TN
sone	G_SO3598	TN
sone	G_SO1682	TN
sone	G_SO0744	TN
sone	G_SO2759	TN
sone	G_SO3863	TN
sone	G_SO0821	TN
sone	G_SO1043	TN
sone	G_SO0870	FP
sone	G_SO3263	TN
sone	G_SO1292	TN
sone	G_SO4136	TN
sone	G_SO2040	TN
sone	G_SO2448	TN
sone	G_SO1156	TN
sone	G_SO0774	TN
sone	G_SO2350	TN
sone	G_SO2822	TN
sone	G_SO0427	TN
sone	G_SO3188	TN
sone	G_SO2614	TN
sone	G_SO2342	TN
sone	G_SO0096	TN
sone	G_SO1258	TN
sone	G_SO0847	TN
sone	G_SO2156	TN
sone	G_SO3817	TN
sone	G_SO1484	TN
sone	G_SO0818	TN
sone	G_SO0070	TN
sone	G_SO4062	TN
sone	G_SO1522	TN
sone	G_SO2916	TN
sone	G_SO1233	TN
sone	G_SO4711	TN
sone	G_SO2771	TN
sone	G_SO2390	TN
sone	G_SO0097	TN
sone	G_SO0165	TN
sone	G_SO2387	TN
sone	G_SO3895	TN
sone	G_SO0017	TN
sone	G_SO1353	TN
sone	G_SO2631	TN
sone	G_SO0123	TN
sone	G_SO3665	TN
sone	G_SO0067	TN
sone	G_SO0876	TN
sone	G_SO1804	TN
sone	G_SO1912	TN
sone	G_SO2236	TN
sone	G_SO3986	TN
sone	G_SO2774	TN
sone	G_SO3600	TN
sone	G_SO2398	TN
sone	G_SO1012	TN
sone	G_SO0075	TN
sone	G_SO3503	TN
sone	G_SO4291	TN
sone	G_SO1646	TN
sone	G_SO4678	TN
sone	G_SO2473	TN
sone	G_SO1520	TN
sone	G_SO1716	TN
sone	G_SO1307	TN
sone	G_SO3261	TN
sone	G_SO1122	TN
sone	G_SO4590	TN
sone	G_SO0142	TN
sone	G_SO2525	TN
sone	G_SO1653	TN
sone	G_SO0619	TN
sone	G_SO1324	TN
sone	G_SO4241	TN
sone	G_SO0846	TN
sone	G_SO1274	TN
sone	G_SO2886	TN
sone	G_SO1219	TN
sone	G_SO3963	TN
sone	G_SO2912	TN
sone	G_SO1366	TN
sone	G_SO4383	TN
sone	G_SO4374	TN
sone	G_SO1052	TN
sone	G_SO0919	TN
sone	G_SO3771	TN
sone	G_SO4349	TN
sone	G_SO4066	TN
sone	G_SO0567	TN
sone	G_SO1563	TN
sone	G_SO0743	TN
sone	G_SO0779	TN
sone	G_SO1103	TN
sone	G_SO4151	TN
sone	G_SO3271	TN
sone	G_SO4451	TN
sone	G_SO2834	TN
sone	G_SO2073	TN
sone	G_SO3423	TN
sone	G_SO0873	TN
sone	G_SO2363	TN
sone	G_SO2090	TN
sone	G_SO1979	TN
sone	G_SO3553	TN
sone	G_SO3080	TN
sone	G_SO1871	TN
sone	G_SO2099	TN
sone	G_SO0020	TN
sone	G_SO2213	TN
sone	G_SO2012	TN
sone	G_SO1277	TN
sone	G_SO2238	TN
sone	G_SO3768	TN
sone	G_SO4712	TN
sone	G_SO1812	TN
sone	G_SO3726	TN
sone	G_SO2421	TN
sone	G_SO4576	TN
sone	G_SO1494	TN
sone	G_SO4309	TN
sone	G_SO0990	TN
sone	G_SO1666	TN
sone	G_SO1690	TN
sone	G_SO3089	TN
sone	G_SO2280	TN
sone	G_SO2408	TN
sone	G_SO2123	TN
sone	G_SO2044	TN
sone	G_SO4056	TN
sone	G_SO0858	TN
sone	G_SO3741	TN
sone	G_SO4674	TN
sone	G_SO3664	TN
sone	G_SO4652	TN
sone	G_SO4413	TN
sone	G_SO1107	TN
sone	G_SO3063	TN
sone	G_SO4626	TN
sone	G_SO0504	TN
sone	G_SO4503	TN
sone	G_SO0565	TN
sone	G_SO4055	TN
sone	G_SO3705	TN
sone	G_SO4606	TN
sone	G_SO3021	TN
sone	G_SO0811	TN
sone	G_SO2646	TN
sone	G_SO0419	TN
sone	G_SO4730	TN
sone	G_SO1276	TN
sone	G_SO3728	TN
sone	G_SO1902	TN
sone	G_SO4318	TN
sone	G_SO2440	TN
sone	G_SO1290	TN
sone	G_SO2476	TN
sone	G_SO4653	TN
sone	G_SO1744	TN
sone	G_SO4292	TN
sone	G_SO4475	TN
sone	G_SO1656	TN
sone	G_SO0065	TN
sone	G_SO2098	TN
sone	G_SO2492	TN
sone	G_SO1495	TN
sone	G_SO0421	TN
sone	G_SO2304	TN
sone	G_SO0600	TN
sone	G_SO1121	TN
sone	G_SO3774	TN
sone	G_SO0830	TN
sone	G_SO3631	TN
sone	G_SO3112	TN
sone	G_SO1667	TN
sone	G_SO0025	TN
sone	G_SO1336	TN
sone	G_SO0398	TN
sone	G_SO2362	TN
sone	G_SO0801	TN
sone	G_SO0609	TN
sone	G_SO0726	TN
sone	G_SO0560	TN
sone	G_SO1607	TN
sone	G_SO4233	TN
sone	G_SO0922	TN
sone	G_SO4133	TN
sone	G_SO3908	TN
sone	G_SO4290	TN
sone	G_SO2253	TN
sone	G_SO4713	FP
sone	G_SO2536	TN
sone	G_SO0805	TN
sone	G_SO3855	TN
sone	G_SO3864	TN
sone	G_SO2336	TN
sone	G_SO3463	TN
sone	G_SO0141	TN
sone	G_SO1095	TN
sone	G_SO2767	TN
sone	G_SO1782	TN
sone	G_SO4367	TN
sone	G_SO3414	TN
sone	G_SO3171	TN
sone	G_SO3723	TN
sone	G_SO1030	TN
sone	G_SO4235	TN
sone	G_SO2899	TN
sone	G_SO4295	TN
sone	G_SO1120	TN
sone	G_SO2477	TN
sone	G_SO0538	TN
sone	G_SO2244	TN
sone	G_SO2791	TN
sone	G_SO0988	TN
sone	G_SO1678	TN
sone	G_SO0021	TN
sone	G_SO0471	TN
sone	G_SO0095	TN
sone	G_SO2600	TN
sone	G_SO4538	TN
sone	G_SO0591	TN
sone	G_SO1271	TN
sone	G_SO0194	TN
sone	G_SO3747	TN
sone	G_SO2097	TN
sone	G_SO0750	TN
sone	G_SO1676	TN
sone	G_SO1331	TN
sone	G_SO1141	TN
sone	G_SO4724	TN
sone	G_SO0274	TN
sone	G_SOA0159	TN
sone	G_SO2303	TN
sone	G_SO0511	TN
sone	G_SO3175	TN
sone	G_SO2915	TN
sone	G_SO4568	TN
sone	G_SO2338	TN
sone	G_SO1803	TN
sone	G_SO2228	TN
sone	G_SO0278	TN
sone	G_SO1087	TN
sone	G_SO1708	TN
sone	G_SO1760	TN
sone	G_SO1480	TN
sone	G_SO0617	FP
sone	G_SO2174	TN
sone	G_SO0057	TN
sone	G_SO4230	TN
sone	G_SO2361	TN
sone	G_SO0917	TN
sone	G_SO2761	TN
sone	G_SO1270	TN
sone	G_SO3365	TN
sone	G_SO0555	TN
sone	G_SO1783	TN
sone	G_SO3778	TN
sone	G_SO1018	TN
sone	G_SO2366	TN
sone	G_SO1020	TN
sone	G_SO1015	TN
sone	G_SO3759	TN
sone	G_SO1332	TN
sone	G_SO3079	FP
sone	G_SO4457	TN
sone	G_SO2928	TN
sone	G_SO2282	TN
sone	G_SO3468	TN
sone	G_SO3023	TN
sone	G_SO3167	TN
sone	G_SO1301	TN
sone	G_SO0313	TN
sone	G_SO1526	FP
sone	G_SO0197	TN
sone	G_SO3358	TN
sone	G_SO1560	TN
sone	G_SO4657	TN
sone	G_SO4450	TN
sone	G_SO1019	TN
sone	G_SO3467	TN
sone	G_SO0569	TN
sone	G_SO0608	TN
sone	G_SO3455	TN
sone	G_SO0807	TN
sone	G_SO1014	TN
sone	G_SO2296	TN
sone	G_SO4601	TN
sone	G_SO2779	TN
sone	G_SO3804	TN
sone	G_SO2088	TN
sone	G_SO3022	TN
sone	G_SO1770	TN
sone	G_SO1623	TN
sone	G_SO0293	TN
sone	G_SO3780	TN
sone	G_SO0986	TN
sone	G_SO0028	TN
sone	G_SO2136	TN
sone	G_SO0408	TN
sone	G_SO2155	TN
sone	G_SO0355	TN
sone	G_SO3802	TN
sone	G_SO3064	FP
sone	G_SO4118	TN
sone	G_SO2404	FP
sone	G_SO3545	TN
sone	G_SO0122	TN
sone	G_SO3599	TN
sone	G_SO1166	TN
sone	G_SO1368	TN
sone	G_SO3916	FP
sone	G_SO4608	TN
sone	G_SO1293	TN
sone	G_SO1001	TN
sone	G_SO2071	TN
sone	G_SO3790	TN
sone	G_SOA0114	TN
sone	G_SO2901	TN
sone	G_SO1115	TN
sone	G_spontaneous	FP
sone	G_SO0613	TN
sone	G_SO1105	TN
sone	G_SO2203	TN
sone	G_SO0040	FP
sone	G_SO0038	TN
sone	G_SO2068	TN
sone	G_SO2054	TN
sone	G_SO4345	TN
sone	G_SO3471	TN
sone	G_SO1580	TN
sone	G_SO2394	TN
sone	G_SO0848	TN
sone	G_SO2879	TN
sone	G_SO2221	TN
sone	G_SO1755	TN
sone	G_SO2055	TN
sone	G_SO1877	TN
sone	G_SO4234	TN
sone	G_SO1802	TN
sone	G_SO3317	TN
sone	G_SO2756	TN
sone	G_SO0073	TN
sone	G_SO0069	TN
sone	G_SO4407	TN
sone	G_SO2768	TN
sone	G_SO3602	TN
sone	G_SO0401	TN
sone	G_SO2020	TN
sone	G_SO0765	TN
sone	G_SO2643	TN
sone	G_SO3674	TN
sone	G_SO0098	TN
sone	G_SO1496	TN
sone	G_SO1664	TN
sone	G_SO4447	TN
sone	G_SO3385	TN
sone	G_SO3980	TN
sone	G_SO1679	TN
sone	G_SO2441	TN
sone	G_SO3738	TN
sone	G_SO1910	TN
sone	G_SO3048	TN
sone	G_SO1361	TN
sone	G_SO4480	TN
sone	G_SO2760	FP
sone	G_SO2833	TN
sone	G_SO1622	TN
sone	G_SO3954	TN
sone	G_SO3338	TN
sone	G_SO1665	TN
sone	G_SO2403	TN
sone	G_SO0520	TN
sone	G_SO0279	TN
sone	G_SO4281	TN
sone	G_SO2510	TN
sone	G_SO0167	TN
sone	G_SO1599	TN
sone	G_SO3805	TN
sone	G_SO0756	TN
sone	G_SO2491	TN
sone	G_SO1237	TN
sone	G_SO2871	TN
sone	G_SO3641	TN
sone	G_SO4466	TN
sone	G_SO4693	TN
sone	G_SO1215	TN
sone	G_SO2487	TN
sone	G_SO0344	TN
sone	G_SO4739	TN
sone	G_SO3286	TN
sone	G_SO2869	TN
sone	G_SO2445	TN
sone	G_SO2745	TN
sone	G_SO4311	TN
sone	G_SO0978	TN
sone	G_SO1499	TN
sone	G_SO2865	TN
sone	G_SO0534	TN
sone	G_SO2638	TN
sone	G_SO0336	TN
sone	G_SO0027	TN
sone	G_SO4289	TN
sone	G_SO0103	TN
sone	G_SO2857	TN
sone	G_SO2862	TN
sone	G_SO4315	TN
sone	G_SO2396	TN
sone	G_SO3903	TN
sone	G_SO2856	TN
sone	G_SO3472	FP
sone	G_SO3920	TN
sone	G_SO4343	TN
sone	G_SO1106	TN
sone	G_SO3113	TN
sone	G_SO3491	TN
sone	G_SO0610	TN
sone	G_SO4422	TN
sone	G_SO3969	TN
sone	G_SO4609	TN
sone	G_SO2359	TN
sone	G_SO2019	TN
sone	G_SO3088	TN
sone	G_SO2178	TN
sone	G_SO1531	TN
sone	G_SO2443	TN
sone	G_SO2434	TN
sone	G_SO0102	TN
sone	G_SO0259	TN
sone	G_SO4147	TN
sone	G_SO3122	TN
sone	G_SO4141	TN
sone	G_SO3354	TN
sone	G_SO2191	TN
sone	G_SO4232	TN
sone	G_SO4573	FP
sone	G_SO4506	TN
sone	G_SO1302	FP
sone	G_SO2420	TN
sone	G_SO1104	TN
sone	G_SO3049	TN
sone	G_SO0452	TN
sone	G_SO3078	TN
sone	G_SO2414	TN
sone	G_SO3265	TN
sone	G_SO1978	TN
sone	G_SO2067	TN
sone	G_SO1624	TN
sone	G_SO0747	TN
sone	G_SO2588	TN
sone	G_SO4449	TN
sone	G_SO0308	TN
sone	G_SO0885	TN
sone	G_SO2853	TN
sone	G_SO0138	TN
sone	G_SO3575	TN
sone	G_SO2713	TN
sone	G_SO4364	TN
sone	G_SO1801	TN
sone	G_SO3270	TN
sone	G_SO0694	TN
sone	G_SO3359	TN
sone	G_SO1647	TN
sone	G_SO0137	TN
sone	G_SO4520	TN
sone	G_SO0533	TN
sone	G_SO3111	TN
sone	G_SO3745	TN
sone	G_SO1391	TN
sone	G_SO0566	FP
sone	G_SO3737	TN
sone	G_SO4458	TN
sone	G_SO4673	TN
sone	G_SO4574	TN
sone	G_SO2442	TN
sone	G_SO0048	TN
sone	G_SO3860	TN
sone	G_SO0190	TN
sone	G_SO2260	TN
sone	G_SO1655	TN
sone	G_SO3675	TN
sone	G_SO4417	TN
sone	G_SO3288	TN
sone	G_SO0693	TN
sone	G_SO1954	TN
sone	G_SO2250	TN
sone	G_SO1389	TN
sone	G_SO3896	TN
sone	G_SO0815	TN
sone	G_SOA0164	TN
sone	G_SO0277	TN
sone	G_SO0932	TN
sone	G_SO2115	TN
sone	G_SO4575	FP
sone	G_SO2237	TN
sone	G_SO2923	TN
sone	G_SO1821	TN
sone	G_SO2069	TN
sone	G_SO0827	TN
sone	G_SO2541	TN
sone	G_SO4236	TN
sone	G_SO1013	TN
sone	G_SO2485	TN
sone	G_SO2419	TN
sone	G_SO3057	TN
sone	G_SO4811	TN
sone	G_SO3735	TN
sone	G_SO1952	TN
sone	G_SO0292	TN
sone	G_SO0441	FP
sone	G_SO2185	TN
sone	G_SO2706	TN
sone	G_SO0843	TN
sone	G_SO2564	TN
sone	G_SO4380	TN
sone	G_SO2001	TN
sone	G_SO1272	TN
sone	G_SO1493	TN
sone	G_SO0340	TN
sone	G_SO3211	TN
sone	G_SO3262	TN
sone	G_SO2483	TN
sone	G_SO3991	TN
sone	G_SO4245	TN
sone	G_SO1325	TN
sone	G_SO4778	TN
sone	G_SO4655	TN
sone	G_SO1268	TN
sone	G_SO3559	TN
sone	G_SO2070	TN
sone	G_SO4061	TN
sone	G_SO3051	TN
sone	G_SO1481	TN
sone	G_SO1901	TN
sone	G_SO4208	TN
sone	G_SO2880	TN
sone	G_SO2754	TN
sone	G_SO3415	TN
sone	G_SO1677	TN
sone	G_SO1799	TN
sone	G_SO2094	TN
sone	G_SO3134	TN
sone	G_SO3554	TN
sone	G_SO1648	TN
sone	G_SO4425	TN
sone	G_SO2644	TN
sone	G_SO3392	TN
sone	G_SO3413	TN
sone	G_SO2507	TN
sone	G_SO2772	TN
sone	G_SO4564	TN
sone	G_SO3174	TN
sone	G_SO3727	TN
sone	G_SO2048	TN
sone	G_SO2615	TN
sone	G_SO2074	TN
sone	G_SO4679	TN
sone	G_SO3715	TN
sone	G_SO0900	TN
sone	G_SO1602	TN
sone	G_SO0287	FP
sone	G_SO4509	TN
sone	G_SO3287	FP
sone	G_SO3736	TN
sone	G_SO1267	TN
sone	G_SO0590	TN
sone	G_SO4054	TN
sone	G_SO1313	TN
sone	G_SO1959	TN
sone	G_SO1680	TN
sone	G_SO3565	TN
sone	G_SO0276	TN
sone	G_SO3541	TN
sone	G_SO4197	TN
sone	G_SO0780	TN
sone	G_SO2851	TN
sone	G_SO1042	TN
sone	G_SO3177	TN
sone	G_SO1805	TN
sone	G_SO0229	TN
sone	G_SO0871	TN
sone	G_SO4335	TN
sone	G_SO4692	TN
sone	G_SO2903	TN
sone	G_SO2286	TN
sone	G_SO2813	TN
sone	G_SOA0160	TN
sone	G_SO1933	TN
sone	G_SO1009	TN
sone	G_SO0263	TN
sone	G_SO3442	TN
sone	G_SO0831	TN
sone	G_SO3763	TN
sone	G_SO3807	TN
sone	G_SO3517	TN
sone	G_SO4250	TN
sone	G_SO1971	TN
sone	G_SO3497	TN
sone	G_SO4255	TN
sone	G_SO4511	TN
sone	G_SO3071	FP
sone	G_SO1140	FP
sone	G_SO3967	TN
sone	G_SO1273	TN
sone	G_SO3904	TN
sone	G_SO3695	TN
sone	G_SO4302	TN
sone	G_SO3349	TN
sone	G_SO1570	TN
sone	G_SO0312	TN
sone	G_SO1214	TN
sone	G_SO4446	TN
sone	G_SO4030	TN
sone	G_SO3562	TN
sone	G_SO1314	TN
sone	G_SO0425	TN
sone	G_SO2100	TN
sone	G_SO0956	TN
sone	G_SO1483	TN
sone	G_SO0024	TN
sone	G_SO2096	TN
sone	G_SO0262	TN
sone	G_SO3613	TN
sone	G_SO4515	TN
sone	G_SO2616	TN
sone	G_SO0191	TN
sone	G_SO1981	TN
sone	G_SO1870	TN
sone	G_SO4731	TN
sone	G_SO0354	FP
sone	G_SO0781	TN
sone	G_SO3292	FP
sone	G_SO2913	TN
sone	G_SO2587	TN
sone	G_SO3197	TN
sone	G_SO4591	TN
sone	G_SO4344	TN
sone	G_SO3601	TN
sone	G_SO0770	TN
sone	G_SO1865	TN
sone	G_SO0343	TN
sone	G_SO3803	TN
sone	G_SO1221	TN
sone	G_SO2278	TN
sone	G_SO3431	TN
sone	G_SO4346	TN
sone	G_SO2762	TN
sone	G_SO2757	TN
sone	G_SO0372	TN
sone	G_SO3779	TN
sone	G_SO3285	TN
sone	G_SO3925	TN
sone	G_SO0860	TN
sone	G_SO4312	TN
sone	G_SO3186	TN
sone	G_SO3865	TN
sone	G_SO0169	TN
sone	G_SO0530	TN
sone	G_SO2208	TN
sone	G_SO4597	TN
sone	G_SO0341	TN
sone	G_SO1724	TN
sone	G_SO2474	TN
sone	G_SO3852	TN
sone	G_SO3634	TN
sone	G_SO1101	TN
sone	G_SO2347	TN
sone	G_SO2618	TN
sone	G_SO2072	TN
sone	G_SO0359	TN
sone	G_SO1362	TN
sone	G_SO1941	TN
sone	G_SO3506	TN
sone	G_SO1017	TN
sone	G_SO2537	TN
sone	G_SO3740	TN
sone	G_SO0464	TN
sone	G_SO1585	TN
sone	G_SO1016	TN
sone	G_SO2373	TN
sone	G_SO2220	TN
sone	G_SO1723	TN
sone	G_SO2268	TN
sone	G_SO2620	TN
sone	G_SO1692	TN
sone	G_SO0298	TN
sone	G_SO4702	TN
sone	G_SO3435	TN
sone	G_SO1932	TN
sone	G_SO1139	TN
sone	G_SO1044	TN
sone	G_SO0810	TN
sone	G_SO2444	FP
sone	G_SO3485	TN
sone	G_SO1891	TN
sone	G_SO4585	TN
sone	G_SO1769	FP
sone	G_SO3140	TN
sone	G_SO0931	TN
sone	G_SO1784	TN
sone	G_SO1033	TN
sone	G_SO3034	TN
sone	G_SO1341	TN
sone	G_SO0177	TN
sone	G_SO3130	TN
